Em/Ex,240,250,260,270,280,290,300,310,320,330,340,350,360,370,380,390,400,410,420,430,440,450
280,0.0,37.9,129.2,1168.9,2509.7,1176.7,0.0,0.0,0.0,0.0,0.0,0.0,0.0,0.0,0.0,0.0,0.0,0.0,0.0,0.0,0.0,0.0
285,24.0,0.0,68.2,482.8,2106.0,2051.0,10.0,0.0,0.0,0.0,0.0,0.0,0.0,0.0,0.0,0.0,0.0,0.0,0.0,0.0,0.0,0.0
290,5.1,1.9,47.7,205.0,1188.9,2509.6,1167.1,0.0,0.0,0.0,0.0,0.0,0.0,0.0,0.0,0.0,0.0,0.0,0.0,0.0,0.0,0.0
295,1.0,0.0,37.1,160.1,514.5,2107.3,2086.6,16.3,0.0,0.0,0.0,0.0,0.0,0.0,0.0,0.0,0.0,0.0,0.0,0.0,0.0,0.0
300,11.3,16.2,56.4,127.0,233.1,1207.7,2518.0,1146.0,0.0,0.0,0.0,0.0,0.0,0.0,0.0,0.0,0.0,0.0,0.0,0.0,0.0,0.0
305,0.3,21.5,55.2,175.9,208.0,494.1,2093.0,2082.1,29.9,0.0,0.0,0.0,0.0,0.0,0.0,0.0,0.0,0.0,0.0,0.0,0.0,0.0
310,7.2,32.5,63.8,141.9,206.9,229.6,1174.8,2534.8,1145.9,0.0,0.0,0.0,0.0,0.0,0.0,0.0,0.0,0.0,0.0,0.0,0.0,0.0
315,13.3,26.6,85.9,138.2,187.0,204.1,480.8,2089.3,2090.7,22.3,0.0,0.0,0.0,0.0,0.0,0.0,0.0,0.0,0.0,0.0,0.0,0.0
320,33.1,41.4,107.4,128.4,193.2,225.5,187.8,1158.4,2522.5,1153.2,0.0,0.0,0.0,0.0,0.0,0.0,0.0,0.0,0.0,0.0,0.0,0.0
325,55.7,51.4,134.1,165.4,169.1,231.0,190.2,481.0,2094.6,2094.0,24.2,0.0,0.0,0.0,0.0,0.0,0.0,0.0,0.0,0.0,0.0,0.0
330,61.1,90.1,174.9,189.7,187.1,223.9,267.9,176.8,1207.0,2576.4,1195.7,0.0,0.0,0.0,0.0,0.0,0.0,0.0,0.0,0.0,0.0,0.0
335,74.6,110.6,183.3,235.4,220.7,170.2,288.5,197.5,528.8,2157.8,2152.8,81.8,0.0,0.0,0.0,0.0,0.0,0.0,0.0,0.0,0.0,0.0
340,109.2,140.2,214.3,251.9,238.0,182.0,286.2,314.1,255.7,1279.2,2634.0,1279.7,0.0,0.0,0.0,0.0,0.0,0.0,0.0,0.0,0.0,0.0
345,110.5,193.1,242.8,282.4,270.9,190.7,244.5,407.2,265.0,600.4,2239.6,2210.3,154.9,0.0,0.0,0.0,0.0,0.0,0.0,0.0,0.0,0.0
350,165.3,237.6,311.0,332.5,314.0,213.8,225.7,427.6,391.9,358.2,1384.3,2696.7,1373.1,0.0,0.0,0.0,0.0,0.0,0.0,0.0,0.0,0.0
355,192.8,299.8,366.4,373.6,310.3,248.6,244.7,387.5,587.9,358.9,748.6,2337.5,2350.3,236.9,0.0,0.0,0.0,0.0,0.0,0.0,0.0,0.0
360,243.7,371.5,456.6,415.8,357.5,277.5,280.6,402.5,708.9,562.3,528.5,1527.5,2868.3,1485.4,0.0,0.0,0.0,0.0,0.0,0.0,0.0,0.0
365,333.2,457.2,504.6,468.8,391.1,350.0,347.6,443.0,713.5,827.5,543.8,931.3,2535.9,2460.1,344.7,0.0,0.0,0.0,0.0,0.0,0.0,0.0
370,408.4,559.3,621.6,539.5,436.7,365.1,400.2,500.2,736.4,1047.8,748.7,761.8,1714.4,3046.0,1583.1,0.0,0.0,0.0,0.0,0.0,0.0,0.0
375,495.2,710.5,740.0,631.3,501.7,418.4,481.3,611.9,756.8,1132.3,1049.9,795.4,1172.9,2737.2,2626.6,436.1,0.0,0.0,0.0,0.0,0.0,0.0
380,584.2,875.2,893.8,730.5,563.4,494.2,577.1,759.9,873.6,1184.0,1362.1,1007.6,1034.4,1975.0,3213.1,1700.8,0.0,0.0,0.0,0.0,0.0,0.0
385,688.2,1021.8,1064.0,880.3,648.4,589.4,691.7,850.9,1022.2,1228.1,1613.2,1307.2,1130.4,1454.0,2913.9,2729.4,466.9,0.0,0.0,0.0,0.0,0.0
390,820.8,1202.9,1229.6,1036.5,746.6,680.9,769.7,992.1,1217.3,1353.2,1758.4,1700.8,1371.1,1333.8,2187.0,3292.3,1712.0,0.0,0.0,0.0,0.0,0.0
395,973.2,1368.9,1454.7,1178.8,869.7,763.2,881.3,1124.0,1380.4,1538.4,1820.8,2076.4,1651.6,1480.9,1675.1,3003.4,2729.1,435.7,0.0,0.0,0.0,0.0
400,1090.8,1577.7,1639.1,1334.1,1020.1,881.4,982.2,1271.0,1544.4,1752.4,1905.5,2293.5,2062.7,1686.4,1564.4,2280.7,3303.3,1664.6,0.0,0.0,0.0,0.0
405,1214.8,1790.4,1892.8,1539.1,1111.1,972.1,1088.6,1367.6,1705.6,1968.4,2116.7,2439.2,2508.1,1993.1,1733.9,1771.8,2988.6,2650.7,338.7,0.0,0.0,0.0
410,1369.4,1979.3,2127.0,1743.1,1249.8,1051.2,1170.7,1510.2,1837.6,2142.0,2338.1,2563.7,2865.7,2357.9,1945.9,1651.0,2247.4,3199.9,1540.5,0.0,0.0,0.0
415,1475.0,2200.9,2331.7,1909.4,1367.4,1126.5,1229.2,1556.9,1978.1,2320.5,2576.4,2748.8,3103.2,2803.0,2213.5,1757.0,1684.2,2857.8,2492.2,220.5,0.0,0.0
420,1607.6,2383.4,2569.4,2124.9,1507.2,1181.5,1284.5,1650.5,2078.6,2504.4,2786.1,3007.5,3203.0,3232.9,2519.5,1973.2,1485.4,2025.8,3004.4,1403.9,0.0,0.0
425,1718.8,2531.9,2777.9,2326.8,1629.7,1247.2,1322.4,1713.5,2184.8,2629.1,3013.8,3229.6,3403.0,3537.6,2860.2,2151.4,1562.4,1433.9,2618.8,2336.2,135.5,0.0
430,1821.8,2717.6,2967.9,2462.8,1720.2,1286.1,1343.2,1719.0,2248.5,2758.0,3188.7,3480.3,3640.1,3700.1,3261.2,2388.3,1695.4,1198.0,1756.1,2833.8,1271.8,0.0
435,1909.2,2849.6,3148.1,2604.6,1839.3,1316.6,1338.6,1745.9,2253.4,2834.0,3355.3,3718.8,3861.3,3824.3,3580.4,2630.2,1823.8,1194.9,1115.6,2398.4,2215.6,70.9
440,1959.8,2958.3,3242.7,2722.1,1886.1,1345.3,1318.3,1677.4,2296.0,2876.3,3484.2,3908.3,4082.2,3989.7,3766.8,2871.1,1962.4,1244.0,836.4,1504.9,2668.3,1212.6
445,1997.7,3044.6,3358.7,2842.6,1952.8,1376.3,1304.7,1686.5,2263.7,2888.2,3543.1,4057.3,4285.3,4139.8,3834.9,3141.6,2087.6,1334.0,785.7,820.6,2229.4,2142.6
450,2037.8,3055.0,3437.7,2885.6,1971.2,1341.0,1265.3,1627.7,2219.7,2919.7,3605.7,4173.7,4394.9,4308.2,3896.5,3302.7,2234.9,1359.6,780.5,523.2,1350.2,2563.2
455,2086.9,3092.6,3455.9,2947.2,1966.4,1331.9,1198.3,1549.3,2172.9,2901.8,3630.9,4240.3,4511.7,4430.8,3926.5,3339.5,2366.4,1439.7,837.9,452.4,622.1,2135.7
460,2244.0,3075.2,3484.0,2924.5,2016.4,1292.6,1128.2,1464.8,2063.0,2829.6,3612.3,4269.0,4589.2,4497.9,3972.1,3274.4,2454.5,1464.0,829.2,426.6,302.3,1217.3
465,2541.3,3028.1,3422.4,2930.4,1967.6,1228.8,1072.4,1396.7,1984.6,2750.0,3557.5,4234.3,4605.6,4516.9,4014.2,3234.2,2470.5,1525.9,838.2,435.1,205.3,517.9
470,2990.1,2976.7,3371.5,2874.6,1930.7,1190.2,988.8,1276.0,1898.8,2660.0,3453.8,4158.6,4529.8,4463.2,3974.1,3194.3,2417.1,1564.1,837.1,429.6,202.4,187.4
475,3418.8,2913.1,3271.2,2802.0,1856.5,1134.0,921.0,1190.0,1788.8,2538.1,3334.7,4031.0,4415.2,4386.2,3896.1,3100.4,2280.2,1586.4,847.6,406.6,207.0,97.3
480,3551.9,2969.2,3152.1,2673.5,1780.3,1083.8,831.8,1110.2,1664.9,2420.0,3221.5,3899.8,4277.8,4236.0,3768.0,3016.2,2194.0,1501.8,835.7,407.1,199.1,81.8
485,3244.4,3177.7,2988.5,2541.7,1709.8,1015.5,788.1,1000.6,1529.8,2266.2,3027.9,3681.3,4061.1,4043.9,3612.1,2902.0,2075.4,1397.4,846.6,397.9,188.0,73.3
490,2640.0,3518.3,2816.1,2399.7,1595.2,915.8,697.6,907.1,1415.3,2111.9,2838.2,3484.9,3842.5,3819.4,3400.1,2727.3,1952.1,1289.2,819.0,382.0,151.5,82.5
495,2003.3,3828.3,2693.3,2242.7,1474.4,848.1,646.0,838.9,1305.3,1957.9,2663.8,3242.2,3561.4,3558.5,3208.4,2557.3,1830.4,1176.8,734.3,400.6,149.3,73.8
500,1527.0,3849.1,2637.9,2048.3,1342.9,771.1,563.2,731.6,1185.2,1761.2,2422.5,2991.0,3318.5,3272.1,2931.3,2358.1,1691.0,1108.4,650.3,388.2,154.3,40.4
505,1248.2,3451.1,2726.2,1841.7,1200.8,697.1,509.5,660.1,1048.2,1576.9,2182.4,2683.9,3021.3,3018.4,2650.8,2137.7,1530.4,982.4,591.9,343.7,143.8,90.6
510,1071.1,2779.3,3037.9,1685.6,1087.0,618.4,441.3,579.0,932.4,1427.1,1982.7,2424.3,2709.5,2678.2,2423.9,1908.9,1391.8,885.2,510.7,300.0,128.8,35.0
515,945.6,2060.9,3305.4,1568.2,972.5,536.0,427.5,524.7,826.3,1251.6,1748.7,2147.3,2391.8,2418.3,2144.2,1706.7,1229.3,798.3,460.2,264.4,126.4,58.0
520,813.8,1537.7,3322.6,1553.1,855.7,452.3,344.5,438.0,726.8,1111.0,1517.9,1883.5,2127.1,2098.3,1868.5,1497.1,1073.1,681.9,407.4,184.3,116.4,45.8
525,707.9,1218.7,2913.2,1692.4,717.8,411.2,288.2,369.9,619.1,952.5,1307.0,1631.6,1819.1,1821.4,1639.9,1294.6,929.1,595.8,344.5,181.7,127.4,55.4
530,610.3,974.3,2197.9,2050.3,641.8,355.4,232.0,333.8,526.2,820.1,1118.0,1392.5,1561.1,1559.6,1409.3,1130.1,825.7,508.8,255.2,146.9,81.9,56.9
535,513.3,807.3,1550.2,2392.2,608.7,283.1,212.1,293.9,443.1,683.4,932.0,1183.6,1338.9,1321.3,1180.8,961.7,675.8,451.2,234.6,136.5,81.6,53.6
540,403.1,668.9,1030.4,2494.0,672.8,235.2,157.0,218.8,355.7,590.8,787.6,1000.2,1107.8,1107.1,983.3,802.2,570.0,365.5,201.9,102.2,56.9,33.3
545,352.5,548.8,754.2,2145.6,951.4,205.2,168.5,184.7,300.8,472.8,648.0,820.1,942.9,917.8,821.0,646.2,489.7,324.1,182.8,96.5,38.0,25.6
550,276.1,441.2,533.6,1555.6,1374.7,179.8,117.2,165.0,241.7,397.5,546.3,654.8,759.3,742.2,661.1,530.8,382.7,240.4,130.7,63.3,34.9,12.8
555,236.7,366.8,432.9,961.1,1846.7,230.0,111.0,133.5,225.1,314.5,434.8,564.7,568.1,598.1,552.5,442.1,339.2,199.0,108.3,54.3,30.6,30.7
560,202.9,290.6,344.2,530.4,1985.8,362.3,95.2,89.4,162.0,243.0,353.2,423.2,455.0,490.1,424.1,340.1,250.6,161.6,95.8,26.8,28.0,0.0
565,153.3,242.3,251.3,314.2,1752.0,662.3,71.2,43.4,138.1,193.6,266.3,348.1,396.5,381.6,355.5,250.6,200.9,122.1,61.5,13.3,24.1,17.4
570,127.9,191.8,198.5,214.9,1225.6,1153.3,66.2,48.4,114.7,131.8,215.5,253.9,278.4,269.2,258.4,193.8,150.4,117.3,57.5,52.3,1.2,0.0
575,73.4,135.5,192.0,121.6,681.6,1629.7,111.6,30.6,84.9,114.5,173.4,202.3,200.5,236.9,176.0,137.8,103.8,62.8,59.0,19.6,24.9,0.0
580,68.7,108.9,129.0,99.2,307.1,1834.0,250.4,34.2,51.7,94.1,122.5,167.7,170.3,162.7,152.3,130.1,65.7,47.2,23.7,21.4,13.9,4.3
585,18.8,57.4,87.4,72.0,130.0,1611.0,622.7,2.3,45.7,75.1,99.3,122.9,138.0,119.5,100.2,66.4,60.7,32.4,37.9,8.8,0.0,0.0
590,59.8,56.8,57.3,59.1,80.3,1107.8,1114.7,53.3,8.4,40.5,79.9,75.4,98.7,84.6,78.5,60.3,55.7,33.3,18.9,39.2,25.1,0.0
595,20.9,70.8,41.8,67.1,26.3,596.7,1609.6,91.9,28.7,54.0,58.1,62.9,88.5,78.9,52.4,72.8,42.8,19.9,0.0,0.0,23.4,22.1
600,19.9,8.8,22.1,10.8,0.5,278.8,1832.5,240.2,16.9,9.9,35.1,63.8,62.2,59.0,41.8,50.5,33.1,21.1,7.9,8.6,5.7,0.0
