mass,intensity
179.07136,413242
185.11833,724251
193.08701,189133
195.06625,842350
195.10266,310918
197.1184,129725
199.09766,83366
199.13398,503936
202.99863,1306458
203.03504,494586
203.07139,881452
205.08703,1304717
207.02993,336001
207.06626,694918
209.04551,431739
211.13397,270567
213.07684,808410
215.0713,968233
217.01422,186095
217.05067,1541373
217.10815,560260
218.08225,1955717
218.99354,1397496
221.04556,1573062
225.04044,868842
225.05569,295441
225.11323,445343
227.09251,1629041
227.12889,387629
229.01432,2326692
229.05065,464028
231.02983,824637
231.06629,1400818
233.0091,1915114
233.08196,1884920
233.11833,1529238
234.07716,121533
235.0975,1430208
235.13398,1500378
237.00405,224716
237.05918,1084891
239.01975,1859894
239.05615,378354
239.07136,2132701
239.12888,2273034
241.01422,1838515
241.03536,513451
241.07178,2298624
243.02989,1773130
243.05106,282668
243.06632,352028
243.16025,848949
244.0979,552993
245.06674,2450106
245.08188,226224
247.02481,951169
247.11867,336501
247.13401,248470
249.01921,534827
249.0769,1993146
249.09797,2262557
250.98335,1018221
251.01974,1139757
251.03494,478773
251.09246,458058
251.12889,2127745
251.16526,1418485
252.99904,507363
253.01426,980997
253.0506,2871562
253.0871,931078
253.14454,1498926
253.18097,2649761
255.10263,656955
255.19663,1036352
257.0092,1325873
257.03034,1326445
257.04551,2248257
257.06663,2868413
257.10302,1202924
257.1183,230746
257.17583,591995
259.09754,437523
259.1188,3337528
261.05568,935307
261.06161,1499461
261.07685,1329215
261.14959,2563208
263.05617,2560021
263.07481,1845229
263.07721,325786
264.99903,2925858
265.08701,2389302
265.09286,2877249
265.1809,1910104
267.01463,2604254
267.10256,2677965
267.16021,3234157
267.19655,3796225
268.99389,3099719
269.00915,1799084
269.04555,1817698
269.0489,3149506
269.08192,2539290
269.10308,2402939
269.11834,2157641
269.13942,2304055
269.17583,592619
271.00952,1254911
271.04599,1955247
271.06118,3415279
271.08238,3046081
271.134,1465282
271.19148,579176
273.02522,2236392
273.04043,236249
273.06159,2164247
273.14965,1500006
275.035,3502537
275.05614,713283
275.07135,1208584
275.12897,651977
275.16527,3478495
276.08767,4468076
277.03541,766660
277.07179,430099
277.10814,3233889
277.14451,3532784
279.02986,2644963
279.0696,2494916
279.07214,5098703
279.08737,386192
279.10261,2660472
279.10858,603282
279.16012,2275404
281.00914,4115875
281.13943,591315
281.21219,629591
283.00962,2445933
283.09752,3050703
283.11871,3260898
283.13398,809622
283.15515,3382284
285.02519,1426636
285.04051,2336927
285.09803,1814534
285.14964,3180305
287.04079,3022834
287.0561,283349
287.09251,592728
287.16531,1019586
288.99907,5212449
289.05643,3905829
289.07173,2258547
289.08701,1472150
289.09286,1116335
289.1293,4728146
291.01466,5773584
291.02993,3253392
291.10849,487413
293.08786,2625374
293.12421,2873920
295.02472,5063413
295.06125,4194939
295.08236,3626364
295.10342,4354441
295.11879,713176
295.15522,935320
295.1915,978362
296.12928,1301061
296.98887,1325065
297.00405,2372131
297.06158,2224290
297.0768,2687495
297.09796,484343
297.11323,1220330
297.13438,3307876
297.1497,2292472
297.17062,3756446
299.04084,1195677
299.07726,3957518
299.15,4335728
299.1653,2470548
299.18637,1322911
299.22281,4194915
301.03533,4592102
301.10812,3074490
301.1293,3138221
303.01467,941255
303.03577,1063266
303.05104,1231601
303.06625,5324050
303.08743,1549314
303.10265,1919218
303.106,4053831
303.16023,291972
303.19669,1226705
305.06664,5606410
305.08195,4490085
305.11835,3632137
305.13945,2512255
307.04601,3593130
307.06119,4821276
307.06707,4808325
307.08234,375548
307.09755,2693998
307.10346,2846469
307.15517,1805559
307.19154,1512385
308.07756,553520
309.02531,725424
309.04036,2881892
309.06163,505782
309.0769,1930931
309.08276,4093031
309.11323,3651597
309.14964,2262788
309.17082,4751259
311.00442,2364884
311.05613,5902100
311.07728,3485355
311.09251,2128322
311.11364,456733
311.12887,1357058
311.16531,438812
311.1864,3652421
311.2228,1449271
311.25922,3140829
312.12416,1008210
313.02009,1167155
313.07175,4466442
313.10812,2825357
313.12931,4936751
313.16567,678236
313.202,1602395
314.05173,6840781
315.05101,4022491
315.08728,1125989
315.145,2972776
315.2177,5271783
317.08787,4187343
317.12424,2756692
317.13943,1984995
317.17585,5271058
317.19708,2706703
319.046,3597875
319.06121,1689654
319.06708,1573187
319.09753,1141845
319.11866,4750278
319.13991,4630723
319.17614,773511
319.19152,5238584
320.98886,4563982
321.08276,5347542
321.09801,5646945
321.11323,4783447
321.11917,4749068
321.14958,812848
321.20714,3807065
323.13484,4535634
323.18631,3943665
324.9837,3081116
325.05651,7290214
325.0717,2974807
325.0929,5157900
325.12921,946946
325.202,3196576
325.27477,1661421
327.05101,2351749
327.05448,4816001
327.07213,1585075
327.10863,4193513
327.18133,4536352
327.19655,1191644
327.21768,1871871
327.2541,1785195
329.06668,2132334
329.12159,1979868
330.0466,6755975
331.02478,5867145
331.04595,1710827
331.06123,5499213
331.08234,5521387
331.1398,788765
331.15522,6859584
331.1915,4696534
331.21273,7676914
333.04052,1826329
333.06165,1579892
333.07683,782600
333.09796,581316
333.11328,2978772
333.13438,437719
333.14962,414307
333.15549,2503601
333.19192,2368340
334.09328,2470609
335.01979,6886053
335.05608,1977089
335.09591,7176362
335.09833,3837723
335.11358,3574422
335.16538,3358192
335.22278,6090768
335.25915,2319356
337.02007,6236989
337.0565,1890238
337.07173,4547494
337.09277,3104104
337.11405,3806090
337.12924,4824351
337.15038,4833717
337.1657,4725838
337.18095,4432773
339.0147,1261384
339.05104,1916844
339.0874,5357149
339.10852,5463070
339.12382,7033563
339.16022,2524303
339.19655,571791
339.21776,5928402
341.103,4764614
341.12418,2861495
341.13941,3443592
341.17587,3515870
341.21226,2461875
341.23335,6534916
343.0307,7829572
343.04596,6971261
343.0671,2150704
343.1034,5133497
343.15506,5716335
343.2126,1162059
343.22785,6276163
343.24907,1604952
345.04047,2290632
345.08286,1084606
345.09793,6899723
345.11662,3417268
345.20704,1657888
347.0984,5217707
347.14996,2171672
348.98372,7076738
349.02346,4048633
349.05653,3825067
349.09291,5195787
349.10817,2702106
349.12935,4848327
349.15039,9104888
349.16563,1503437
349.18086,6222227
349.20199,1216219
351.05108,3030511
351.08744,1935851
351.09345,4280104
351.12383,7615873
351.14488,2824832
351.1661,6700104
352.15549,7679150
353.01497,1689191
353.05136,1988721
353.10314,6512162
353.19699,7805512
353.2333,2016117
354.99433,2466373
355.03065,5686216
355.11875,5068476
355.12463,4490158
355.1915,1135333
357.06159,6048618
357.11909,2565354
357.22821,7753966
359.0256,792236
359.05613,2601823
359.09255,3436666
359.13229,4228270
359.15008,5919743
359.17117,2266131
359.20758,2542267
359.2229,3566878
360.1089,5139879
360.98375,8081029
361.03532,603722
361.04118,847338
361.0565,4240437
361.10816,5425886
361.11394,6665913
361.18088,6808696
361.18677,3759337
361.22323,565819
362.17629,670310
363.05689,7981585
363.07213,9562702
363.10846,2076620
363.12959,6180601
363.1661,599958
363.21762,7873744
364.97874,7559120
365.07256,3340443
365.10896,6246539
365.13937,3569376
365.14535,4467457
365.17591,2376139
366.08312,9158119
367.00948,1186759
367.04592,5215027
367.08573,7859417
367.11874,9096138
367.12456,3457989
367.15509,3690398
367.19145,9316849
369.00993,5861106
369.08281,6378934
369.10373,4808823
369.11916,4652352
369.15304,5741022
369.17068,5248359
371.02564,7965145
371.06201,10465172
371.07724,2837983
371.09833,8692481
371.11364,6614306
371.22284,2532107
371.24391,1918930
372.05725,2187260
373.02015,9917275
373.03544,6731905
373.04124,1342344
373.07755,2022551
373.09289,8935017
373.12924,3544855
373.1444,5809393
373.15034,524397
373.1656,2456066
373.18097,5839901
373.18677,1034747
373.2749,6788702
375.03917,3101551
375.05098,3921116
375.05693,8584485
375.07214,2672524
375.09338,5109324
375.10854,6206746
375.14489,2871486
375.16606,6771911
375.18134,8724974
375.20239,2231841
375.23891,5015743
375.25414,4075566
377.01515,1335141
377.03039,7216801
377.05135,2088621
377.06675,4798647
377.08783,4141323
377.10311,861991
377.12415,7186709
377.13947,9325376
377.14535,4339688
377.1606,3485736
377.18186,9382461
377.19699,2797743
379.00953,6673694
379.03067,3304148
379.15513,1826534
379.16098,4559816
379.19142,5578447
379.19735,6190395
379.22781,5924014
379.24903,3256867
379.28547,1076903
380.97355,627897
381.01006,3267016
381.01329,6832037
381.02519,1775209
381.04634,3159614
381.0828,6049840
381.09803,8099670
381.11918,3208304
381.15551,8158341
381.17664,7271882
381.19185,880827
381.20723,2125656
381.24357,1253118
381.30104,4290900
382.98913,7558389
383.04083,8700913
383.07722,3353302
383.11352,9796149
383.15002,6320787
383.18638,4454492
383.20756,9405504
383.22281,5266461
383.24397,6227142
383.28041,4765701
385.00483,1394612
385.09284,5564906
385.14795,6061834
385.22314,5749339
385.23841,1170777
385.27487,1243988
386.9993,7584835
387.02054,2831322
387.0357,6467954
387.05699,7084201
387.10853,8095180
387.14495,1418870
387.1661,5264767
387.18135,10022204
387.19654,5441034
387.23886,3727625
387.25412,3894919
388.19182,2921253
389.01498,1677270
389.03613,9052230
389.05141,974793
389.05478,962320
389.06677,6161732
389.08767,8243626
389.13947,5307470
389.16058,753083
389.17572,8550858
389.18167,9784364
389.19696,6406709
389.21809,6830992
389.23338,817604
391.04582,10066944
391.06714,4514449
391.08229,843220
391.08818,10176076
391.11868,3001755
391.19154,8624286
391.24908,5693233
391.28534,6471662
393.08273,4833471
393.09795,1505709
393.10377,4559397
393.11903,4215186
393.17666,1342827
393.19188,5786930
393.20711,1195118
393.21301,2438495
393.26451,9000200
394.02634,6562570
394.98918,4301700
395.02556,2429884
395.04085,7205672
395.0773,5729418
395.08326,5145764
395.15587,1354216
395.19228,10210804
395.20756,4554011
395.28027,4965141
395.31674,5456255
397.05659,4199684
397.09883,3838459
397.11396,8453206
397.13513,10917622
397.202,3859829
397.22313,2718125
397.25951,1723463
397.27486,8148576
399.07219,2876851
399.07541,8325840
399.09328,4935552
399.11446,2803064
399.18127,7828937
399.27527,8040952
400.14026,3809729
401.03033,2365762
401.06663,1750621
401.10895,1130925
401.14274,3780173
401.16054,653316
401.17587,1985967
401.18177,8137063
401.19692,2318364
401.30621,4816678
403.04588,2258327
403.05186,2778811
403.1186,6218443
403.12459,3332761
403.15513,4832964
403.23374,2404102
403.28541,4219174
403.32175,2785026
405.02518,1176302
405.04977,3625404
405.06748,6767692
405.08266,5065761
405.09799,2461395
405.10375,5233398
405.13436,3629398
405.14032,7836679
405.19185,7329921
405.20713,3310958
405.24356,10089650
405.24941,3138683
407.02558,3389597
407.029,5296271
407.04095,9210299
407.11701,4366019
407.17106,2002855
407.2228,11238173
407.2802,11192993
407.35305,814859
409.0776,5498575
409.09636,2328024
409.15032,5334270
409.18676,1272526
409.22318,3722107
409.25963,6687598
409.29592,4108205
410.0212,993937
410.16097,8100064
410.98412,7177404
411.05696,6379203
411.09327,3289443
411.12967,7916052
411.15074,1837618
411.16342,2889690
411.20243,8217750
411.25399,4867343
411.29033,4188900
411.31155,5276472
412.9998,5146933
413.07253,4535381
413.08782,3162313
413.16651,3750358
413.21812,6931057
413.25451,8727441
413.26972,5442294
413.29096,1791329
414.99432,7194779
415.05188,1707195
415.08229,2805095
415.11883,10416965
415.16092,10387787
415.22791,8250553
415.23375,3374312
415.24905,4098348
417.0464,3899658
417.06752,7117999
417.09807,8785177
417.13432,5699111
417.19181,6942889
417.21292,3431857
417.24946,1225803
418.98931,4118383
419.04084,7830267
419.0467,6534309
419.07728,8933183
419.09835,2431158
419.15005,4145342
419.1864,4723978
419.19228,5359815
419.20758,1335125
419.31656,2615776
421.02012,3228657
421.04457,4939420
421.05657,5474831
421.06245,8275803
421.07769,1264320
421.09293,5921403
421.11391,6498651
421.1352,1838766
421.15035,1206309
421.18693,7265123
421.20201,8596685
421.2079,10814375
421.24441,4211963
422.99933,1007997
423.02056,6269862
423.03578,3520210
423.057,7953326
423.11183,8031959
423.31169,2593197
423.34797,7698427
425.03619,514820
425.12409,4608634
425.14543,9323590
425.16059,1437860
425.1792,6834275
425.18169,2907007
425.23336,4186205
425.29068,6431526
426.15586,2138048
427.05181,5922258
427.06716,11471594
427.12469,7093909
427.13986,7217716
427.16096,4676072
427.18213,10816231
427.21262,4736761
427.24899,2055553
427.2854,3416433
428.99796,2179099
429.01003,631246
429.04628,5646693
429.06164,3776569
429.06733,2121753
429.08279,5563276
429.1039,4599619
429.13435,1054602
429.14035,1099759
429.17067,3964990
429.19188,4342656
429.21301,7833339
429.24359,6763283
429.24946,1942691
429.33742,9594818
430.06267,1037506
430.20236,691275
431.04081,4043146
431.062,6807991
431.07728,4469081
431.09843,5288621
431.11945,2303046
431.13478,8042219
431.15003,10756157
431.1558,9643477
431.1923,7119678
431.22289,8650065
431.22865,7166642
431.25917,7391387
431.26508,5789757
431.28026,2244536
431.35308,1054850
432.12995,1277724
433.02015,2893760
433.06242,1461375
433.09284,8715738
433.1293,6104884
433.13517,9242069
433.20793,7878702
433.22323,6122187
433.24435,5682817
433.25959,6281242
433.33226,4750802
435.02042,10467277
435.09327,5045877
435.18727,8269958
435.20005,7779131
435.21771,3655655
435.22357,2028467
435.2752,1292854
436.17662,1920669
436.99978,1289334
437.03956,2774986
437.08787,2536883
437.09366,2643716
437.14542,1124710
437.1817,8857821
437.32719,1968274
438.99431,5431348
439.05173,7114815
439.08819,6921704
439.10349,9371992
439.13985,3766193
439.17628,8737429
439.19739,6743318
439.21263,6956429
439.21851,1488608
439.27026,1714267
439.30648,3140389
440.99468,6019094
441.0099,8458712
441.03099,2484805
441.08605,7467756
441.17664,10668251
441.19177,3407559
441.21298,6379799
441.26458,3606161
441.2857,2536740
441.32226,7312621
442.01114,3956488
443.01033,1128622
443.04083,1265645
443.06199,3404636
443.07726,4877821
443.08308,7803698
443.09844,8318426
443.1196,3513244
443.13471,10071238
443.1534,1501063
443.17115,7820991
443.18649,2431274
443.19229,1868366
443.22289,4940958
443.25925,7260374
443.28016,3599671
443.30142,3688890
443.31669,2781499
444.99289,3020892
445.02014,4983778
445.04131,5698369
445.05654,4786938
445.09869,11064805
445.11406,3201343
445.12922,866118
445.17155,1002709
445.28072,2346291
445.33229,2332438
446.05765,6380386
446.19728,9120231
447.0205,7376863
447.14498,1930753
447.15082,5092070
447.18721,6434648
447.21778,7701065
447.22359,1936458
447.25416,1623365
447.27525,6782898
447.29039,6045152
447.31168,9866488
449.05146,6647823
449.0573,1068642
449.07259,2156991
449.08782,4527116
449.0937,913140
449.1089,7926176
449.12416,6910691
449.16055,6364332
449.20285,8226954
449.21813,6019302
449.23334,7964427
449.26982,7374806
449.29085,1804189
449.36374,3464800
449.39995,1199549
451.0154,5566642
451.05186,3527432
451.06705,7277952
451.07289,9715504
451.10356,1788701
451.13986,935200
451.14567,8962421
451.17638,553855
451.21272,6196899
451.21867,957554
451.24913,8984445
451.37917,1182426
453.00994,5059157
453.06748,8257696
453.08272,4289546
453.12496,6022709
453.19183,4830831
453.1977,8158937
453.26456,5250943
453.2858,6345567
454.23887,9014539
454.98917,1669534
455.01034,5918739
455.11944,511162
455.13474,8094975
455.17104,463266
455.22866,988103
455.24385,9217043
455.35314,4939167
457.02008,7615726
457.05665,7631372
457.06247,1385803
457.09281,8065355
457.09879,3536151
457.11394,8124416
457.1294,2196736
457.13506,9510894
457.20788,6665608
457.25954,7608444
457.33228,9640354
457.36855,7376242
458.006,3954707
458.14564,1965908
459.07805,6208698
459.14482,1693914
459.14838,4568644
459.16605,1247216
459.18126,5442481
459.20233,7654676
459.21771,2380958
459.23874,10615524
459.25407,3535752
459.27514,3677359
459.29628,6557399
459.31161,3801109
459.38446,3008634
460.98788,3497880
461.01504,1930467
461.0362,6410368
461.13013,4800884
461.16642,6781271
461.21549,485574
461.21809,3230727
461.23322,8289578
461.25452,2825546
461.32728,3234852
462.05251,1521004
462.97902,7841039
463.05185,2156752
463.073,2039263
463.12467,2243310
463.13981,8316809
463.14572,5744496
463.161,2448229
463.1821,4638192
463.19743,9928779
463.21259,2268945
463.23389,1369880
463.27017,3273530
463.30646,1872367
464.99462,3146623
465.03114,1997010
465.10376,7112207
465.11902,9624033
465.12511,934948
465.16147,3592754
465.17671,6062657
465.22831,6083762
465.23408,5498639
465.24943,3741689
465.26456,6935100
465.28588,2843528
465.30101,4069816
465.39504,6507087
467.01035,5997795
467.04681,708047
467.10419,7058709
467.11951,620222
467.13478,1063844
467.14053,3198292
467.15581,8655380
467.18976,2990563
467.20753,6638767
467.21344,5476491
467.24392,1416585
467.28019,5986124
467.30144,2125392
468.98958,3207921
469.00482,3853627
469.0988,1459603
469.11402,909770
469.15039,5964959
469.18677,2776251
469.22904,6286592
469.24437,3591057
469.25936,3918741
469.35346,6778727
470.23358,2229287
471.00525,5650905
471.02064,3804869
471.03577,8045717
471.07206,3423842
471.09329,7031873
471.10858,2710583
471.12968,5338130
471.16611,4134053
471.18125,7704470
471.18725,804438
471.22365,8318234
471.23879,1650320
471.25404,6129815
471.25988,5206911
471.2752,6453130
471.29637,2517216
471.31165,3320404
471.34792,9991266
472.07329,1672422
473.03602,5048519
473.0573,2584049
473.08777,5416836
473.09363,6860687
473.10896,2698891
473.164,4807436
473.18174,4343164
473.19713,1466902
473.23327,3446332
473.23917,3486709
473.25453,1279608
473.26968,8430751
473.2909,1848880
473.31201,6068018
473.3636,4851268
474.97896,6685622
475.03056,4786458
475.07292,581525
475.1094,4626935
475.12462,8456245
475.14,6572556
475.14577,8952019
475.16093,529732
475.2338,8507231
475.28546,7961180
475.30646,989992
475.34287,4317384
477.01,6329616
477.03106,7860270
477.0522,1713340
477.06746,9478523
477.10392,5107992
477.1191,1215348
477.14019,1529067
477.15547,2633896
477.19776,9464457
477.21043,7015927
477.21305,7012906
477.22821,4248257
477.26461,5589408
477.30106,3530324
477.32217,4281900
478.97388,6882907
479.04689,4880934
479.05003,6675786
479.06195,5683638
479.1043,516806
479.11946,2316102
479.15586,2163040
479.17123,745954
479.1771,5293227
479.19224,2932480
479.21349,4401065
479.24985,7319091
479.26501,2872357
479.2803,3734974
480.98966,6282507
481.02596,6588783
481.06244,771828
481.18665,4241043
481.24435,1664998
481.33234,1348461
481.38989,7604409
483.02059,6831782
483.05691,7803396
483.11449,7032083
483.1507,5668127
483.16604,1715322
483.29648,7083124
483.36919,6925748
484.02175,6820364
484.16118,4190847
485.01513,7792468
485.02094,3479716
485.03619,8679508
485.05727,761375
485.09367,6766250
485.109,2195817
485.16067,3235841
485.20272,5370595
485.26971,1404343
485.29075,7109898
485.31218,7104082
486.97909,5252981
487.00356,6382185
487.03654,7667312
487.05179,984765
487.06712,5081176
487.08826,9497245
487.10945,4628056
487.17623,809123
487.19748,5648700
487.25487,1244268
487.27013,3856541
487.2854,3936811
487.3277,5456537
487.34293,7257674
488.20782,2718149
489.03122,2332804
489.05225,3701946
489.06737,3967812
489.07084,8993454
489.08286,3170690
489.11917,3472931
489.12515,2233697
489.14002,6257699
489.15896,2607106
489.19769,5471143
489.24943,5000735
489.27044,5013560
489.99583,3961092
490.97411,4550949
491.0257,4865177
491.10435,5327504
491.14061,5609131
491.17705,6887723
491.19224,4020552
491.20755,393215
491.24972,4609147
491.2803,6440861
492.98958,3906947
493.04123,4929795
493.13508,1427945
493.18675,2964066
493.19259,2942350
493.20549,4705525
493.22909,4510783
493.31706,946530
493.3323,5958493
493.42631,1807801
494.18201,3074687
495.05696,2802982
495.15079,6208726
495.18714,6629131
495.20244,4106419
495.20842,6145200
495.22353,1870573
495.23872,8255875
495.24461,421970
495.27531,3165202
495.3116,1642757
495.33282,3965451
497.03617,1428808
497.0572,6499385
497.07267,1541041
497.10898,1919695
497.11232,2786498
497.11479,8963572
497.14527,5284588
497.1512,1398151
497.16644,3749682
497.18168,1041743
497.22376,7966146
497.23925,2953464
497.36372,6319159
499.00008,3812340
499.01535,5305551
499.08806,3486595
499.10363,3606090
499.14566,5764291
499.17627,3110112
499.17959,3694758
499.21268,5301629
499.23376,6992159
499.24908,3987692
499.25486,3042936
499.29121,4963099
499.30652,4795099
500.15627,5064125
501.01002,2876280
501.03089,2174482
501.05215,4329460
501.06744,6963399
501.0826,542003
501.08862,4636853
501.14025,4405621
501.16124,1670202
501.17654,8378250
501.2282,6955397
501.24932,8092022
501.34323,4821984
501.39483,1934921
503.01048,5098464
503.02561,2479523
503.06182,4897011
503.08644,4828573
503.09844,6324870
503.19229,5010704
503.22867,2305033
503.24393,5479846
503.31664,3259293
503.37426,6510369
504.98968,5149501
505.00486,5051077
505.04124,845519
505.08345,5650572
505.09869,4565309
505.11404,882664
505.1198,5366959
505.15044,2246853
505.15629,7249257
505.17154,1522013
505.20794,6517073
505.22328,870070
505.22894,3978035
505.28075,2042651
505.29589,4733029
505.30186,2967075
505.31713,6156024
505.38973,3299353
505.42625,5567449
505.9906,4097588
506.13039,2678876
507.02043,3063737
507.05694,1281980
507.06271,2933894
507.09345,6277996
507.13306,1583879
507.17202,1350587
507.20239,4935597
507.22101,3557427
507.22351,6626711
507.23888,4501891
507.2448,4630485
507.2752,7127497
507.28102,3375769
507.31169,1923846
507.44179,4346029
508.97254,3440946
509.02092,2933238
509.03625,1717750
509.05717,3398120
509.11471,3131080
509.13015,2907281
509.20018,2764390
509.22388,446107
509.31196,4895128
509.3484,2827431
509.36365,2744763
510.03727,3443796
510.17695,1740672
511.0154,1145551
511.07294,3023586
511.08826,2448045
511.14577,4936884
511.16099,5310171
511.16686,4505574
511.25499,5636153
512.99478,2759605
513.08275,3941485
513.12503,5809204
513.15551,3712165
513.16135,3585308
513.19779,4765453
513.24945,1704187
513.27052,1539138
513.28586,2442081
515.01025,3607664
515.062,1635800
515.06772,4595683
515.10421,3028557
515.13481,7367811
515.1745,5147987
515.17689,3152367
515.21329,2283237
515.28037,2079240
515.30137,1390164
515.31668,4457354
515.33777,5233977
515.41063,6910099
516.01151,2329213
516.15133,3439475
517.01418,3935943
517.04132,4546711
517.0471,4714086
517.06241,2194712
517.07752,5852753
517.08346,379117
517.11406,4243609
517.1504,951797
517.17148,5408576
517.22326,3524072
517.22914,921794
517.2596,7301622
517.29592,3435960
517.3535,5579793
517.42623,5245240
518.96869,2642919
519.00536,2783175
519.04173,402998
519.08153,1274416
519.11431,3688457
519.12965,1262721
519.15079,2477558
519.18731,2844883
519.20841,5984701
519.22377,4215123
519.23875,1895492
519.25994,3514707
519.27527,2986885
519.28113,1758257
519.3116,5510702
519.31763,5201202
520.05814,3516032
520.98451,3376857
520.99973,3459300
521.02095,2459920
521.05719,4415220
521.06076,5368528
521.07256,732716
521.07855,4702172
521.10884,3502456
521.11477,2602805
521.13011,463534
521.14543,2403710
521.15112,1362717
521.1666,374375
521.18174,938495
521.18756,5350295
521.22401,2586489
521.27564,4295998
521.34838,4571808
521.36363,1305914
521.3848,2635554
521.98559,3056180
522.12529,2993307
522.96371,944044
523.03649,3260554
523.07288,2713454
523.1246,720167
523.13042,2804626
523.14574,2982190
523.16681,5949544
523.18206,1259846
523.23374,4502764
523.25498,5556431
523.27003,7152141
523.27606,4096660
523.32769,2735900
523.43681,3141860
524.96759,4269724
525.01575,2632186
525.03119,6822996
525.06752,4935038
525.08862,4594327
525.10394,3968508
525.1403,2519154
525.18256,4272812
525.21307,4796423
525.25521,5188997
525.27056,4301059
525.30694,4071315
525.3796,6538132
525.416,619819
526.99498,6256487
527.0255,5291931
527.03481,4359760
527.0619,4552671
527.06787,924216
527.15584,4254320
527.21337,3293050
527.30139,5357765
527.31658,4150256
527.33776,2953946
527.35899,1072801
527.41064,6440635
528.09936,4632994
528.23922,2037022
529.04714,636400
529.11408,664515
529.15044,3799807
529.1563,4694013
529.17152,4815794
529.1868,2797840
529.19273,538661
529.24437,1482277
529.25957,4319370
529.29581,1066389
529.31715,3053771
531.02054,1941552
531.05679,6134009
531.06278,4283854
531.11443,4747716
531.15099,5067463
531.1873,1615218
531.22364,6523268
531.25987,1930462
531.27518,5180601
531.28117,3239518
531.31153,2542440
531.34782,377145
532.14593,1943335
533.02088,4367581
533.03613,4069974
533.10899,4147537
533.16638,2743029
533.18742,6318196
533.20281,728197
533.21809,4591345
533.25442,3686503
533.26036,3633208
533.27567,361437
533.29079,1860826
533.29673,1724584
533.31209,5393359
533.33294,4843784
533.3484,368326
533.42122,3831675
533.45766,3095050
534.21325,4538317
534.98821,1076247
535.00024,2280004
535.01546,290047
535.03659,5044274
535.05775,4528661
535.07295,1621768
535.09407,3082671
535.12463,1261995
535.18204,1980885
535.23373,3020234
535.23962,1089584
535.27607,284497
535.31251,3567175
535.34293,3022178
535.36404,3806695
535.40042,3232957
535.43673,373248
535.4731,3210892
536.19255,846167
537.03111,2091804
537.07333,3144161
537.14606,909545
537.16148,4103352
537.21891,1018265
537.27051,1086548
537.30687,4518073
537.34322,981824
537.41618,4967360
537.98043,4724557
538.12006,3612058
538.99524,3074606
539.06794,5050840
539.08321,4513935
539.11947,2322001
539.12537,2235931
539.15579,5062268
539.1619,537291
539.19227,3286920
539.21332,4149832
539.22881,5091116
539.23443,3445402
539.24977,2583115
539.27073,4636104
539.30138,2648012
540.98954,4199886
541.02603,3754565
541.07764,4848669
541.11397,3294256
541.11982,3227605
541.15041,5125817
541.22914,1156348
541.25961,2867820
541.27823,3091790
541.30179,4153979
541.3382,1423193
541.35339,3800301
541.37454,529006
541.38991,1123360
541.41078,2508862
541.42622,5165035
543.00519,5413182
543.02055,3925621
543.02632,2140828
543.02984,4386003
543.12969,5253398
543.13562,4224799
543.15072,683415
543.17201,4521122
543.28121,598319
543.29624,1667038
543.3174,2133121
543.34807,4947064
543.35378,4956121
543.40555,1305410
544.09432,5193796
544.98444,3141590
545.02096,5259378
545.05733,2563655
545.07841,5685778
545.14528,2226194
545.18175,2769761
545.18747,2389120
545.21805,375303
545.26036,1748478
545.27567,755448
545.29072,5188607
545.31201,710810
545.33322,763221
545.3484,4969585
545.36358,4042710
545.42101,1853584
545.45746,2425962
547.01543,2163957
547.07292,2041625
547.12475,512725
547.13056,2035304
547.16087,1082310
547.23973,1820299
547.27015,1565877
547.2912,4042830
547.31233,667999
547.32762,3672265
547.34291,2795811
547.34867,2613996
548.00138,1496744
549.00397,4088389
549.03102,3399173
549.05229,3783589
549.07345,2786305
549.10979,885905
549.14005,2129711
549.16136,1623812
549.23173,2548171
549.28576,2840608
549.29172,3838201
549.32777,1632058
549.45258,3575182
550.20819,2626222
550.95878,3569135
551.01038,541906
551.04671,2075130
551.06796,2826845
551.08299,3256917
551.10422,1116668
551.12542,692983
551.14077,3375391
551.15597,4252445
551.16177,3854744
551.17707,1747892
551.19221,409564
551.19822,466773
551.41064,2981915
552.0478,1616529
552.18755,438431
552.98956,2614287
553.06239,501283
553.10459,2749127
553.11989,575597
553.1385,4498077
553.14102,1761581
553.17742,3337499
553.19281,1543138
553.20788,3968156
553.21385,1570630
553.22911,2781480
553.24424,2314514
553.25033,848469
553.31698,3073022
553.35346,643130
553.37443,2102245
553.38985,1589960
553.42621,4369031
553.44728,3522517
554.25483,1951852
554.99003,3625939
555.00538,3141207
555.02053,1739632
555.02644,2441781
555.0569,2141009
555.0628,713464
555.07801,1636515
555.0991,3400589
555.11437,4259580
555.12974,245184
555.15086,2648480
555.17187,2284590
555.20825,2713849
555.23899,2461986
555.27524,5064589
555.29635,2252072
555.31735,2647454
555.35394,2603731
555.36923,4624562
555.39016,4100277
557.00556,4051276
557.02081,2315534
557.07262,2156843
557.09384,5124389
557.10878,3331338
557.15124,1438188
557.224,1884246
557.23921,2432095
557.26028,1232107
557.27554,2879069
557.36361,1355906
557.38473,823153
557.40591,870344
557.45755,1156970
558.16185,351740
559.00011,1744717
559.02129,259027
559.02458,1543479
559.03654,1581675
559.05181,2922016
559.05767,3055827
559.08808,1741043
559.09413,2517380
559.10929,3316073
559.19732,2100400
559.21844,3062786
559.23944,2892024
559.25242,1054143
559.25486,1541188
559.27612,3558618
559.29126,4405917
559.34305,4260305
559.34883,2613909
559.37909,732843
559.38502,518710
559.47327,3825024
560.08926,1113272
560.97939,1880395
561.07337,3237341
561.08855,2237123
561.10381,1526744
561.10957,2739126
561.16117,869051
561.18254,2472591
561.19771,2318230
561.21297,744590
561.21889,1349927
561.24928,1508770
561.2552,1970151
561.28582,1536196
561.29153,2109138
561.30694,2160889
561.34343,1632524
561.35854,661101
561.37945,2436743
561.48866,960119
563.03145,594438
563.04679,2992614
563.08316,2486583
563.08897,1286594
563.12547,4888511
563.17703,2460546
563.1981,1573398
563.21338,2157417
563.28617,2496464
563.34363,2415557
563.35907,411271
563.37422,2259672
563.50451,986190
564.27563,465198
564.98963,3397303
564.99895,3680040
565.06818,2918818
565.10471,2250219
565.14094,3689452
565.17153,938754
565.20808,613982
565.2266,1405132
565.30184,3017649
565.31716,3953355
565.3382,1851499
565.35325,3647883
565.37473,2280216
565.41092,1123277
565.48372,3401162
566.20309,247256
567.066,377868
567.09924,2602726
567.12019,2369214
567.17194,1814706
567.22356,429807
567.22949,803310
567.24482,3488265
567.26572,2747088
567.28099,1676711
567.29647,3599752
567.35384,400803
567.42665,2262665
567.46291,2762045
568.9845,3430153
569.04539,2715349
569.07267,1434308
569.09376,2136469
569.10907,4210851
569.11485,2037507
569.13357,1276742
569.18762,2933475
569.25429,2887719
569.26017,2974155
569.29665,3485442
569.31194,4102319
569.3695,1059290
569.42103,814250
569.44231,1403460
571.01543,1396970
571.03659,2932661
571.05173,1039529
571.05776,3884092
571.07315,1738012
571.08816,2095260
571.11276,484656
571.13053,807274
571.16681,761453
571.19742,2701212
571.20311,525483
571.2397,933599
571.2761,1478221
571.32771,2521432
571.34292,3841958
571.34883,2596686
571.36387,2154748
571.4732,2498534
572.97943,2463236
573.0158,2442680
573.03106,3070682
573.03694,1019765
573.07328,1556890
573.10368,2156999
573.10977,1031744
573.17646,2044177
573.19774,878320
573.21891,1318937
573.24948,1425080
573.25529,3975206
573.28571,1856197
573.29167,3652188
573.30675,2527046
573.32789,863408
573.34341,649042
573.3586,2569125
573.36447,1841926
573.37978,909138
573.39503,2539657
573.48876,766294
575.03153,2216123
575.04672,1633262
575.06787,1619182
575.08913,1892992
575.10418,3071690
575.14072,963219
575.15592,991665
575.21341,796947
575.22872,1965861
575.23447,1212348
575.24717,3421933
575.32271,1188864
575.3378,3413855
575.37404,2350340
575.38004,2796995
575.43159,1190917
576.22388,1660420
577.01091,3816914
577.06224,2497998
577.06836,1724649
577.08362,3295716
577.10467,1870409
577.17142,279743
577.20779,2135266
577.26549,2461182
577.42627,2099009
577.44745,1430310
577.48365,3591104
579.02632,2829415
579.08408,3377960
579.09926,1278063
579.11458,1081368
579.13554,1376118
579.1542,2422162
579.17189,1061912
579.20844,232740
579.22939,1753318
579.26585,3492868
579.33268,2969444
579.40552,545864
579.44194,744858
579.46305,2471179
579.49942,3639009
580.13081,1749549
580.98462,637023
580.99372,791437
581.04188,948959
581.07853,2762983
581.09939,2740810
581.11486,1635707
581.15116,1504130
581.17244,2107150
581.20874,979680
581.22144,494213
581.22395,1736104
581.26033,1586130
581.27565,424613
581.28144,360964
581.29679,1286582
581.33305,1397642
581.34825,2756799
581.36952,1472349
581.38458,1552600
581.47896,1954489
582.19807,2786650
582.97303,3828334
583.01549,2678812
583.02124,2595718
583.0367,347566
583.05192,274076
583.05771,2918003
583.06107,1356589
583.09386,643929
583.12461,2612623
583.16105,1595976
583.2032,1307867
583.21831,1004977
583.25503,1349310
583.29136,1796688
583.30658,649907
583.32738,737198
583.34295,1061100
583.34882,2228083
583.38515,2691335
583.40048,2429620
583.4214,2126697
583.45774,230597
583.47314,1204475
584.97954,3072348
585.01598,1567435
585.03699,1169280
585.05222,3562251
585.06749,2597253
585.12499,2378569
585.14016,2057876
585.18249,681118
585.1979,425717
585.21306,1148472
585.21882,2459260
585.23409,1275026
585.25534,327953
585.27047,2654693
585.28579,2133999
585.32209,1272030
585.35849,1810807
585.36435,2256131
585.37972,1083119
585.39481,2027994
585.41612,332660
585.48876,1738469
586.10479,2902696
587.01045,2379885
587.05258,1352628
587.068,834924
587.08315,2173092
587.08891,2666829
587.10759,2018667
587.11955,1997623
587.14054,1873943
587.16174,380201
587.17698,3088743
587.21348,1764543
587.23451,1524746
587.28628,2038892
587.30137,860631
587.30748,212157
587.33788,862308
587.35884,2415468
587.37414,666392
587.41069,1196939
587.41641,930554
589.01083,2406805
589.02594,2580500
589.08357,415530
589.17734,613282
589.19271,2062779
589.28077,2165324
589.33833,605508
589.35346,2936635
589.39566,255816
589.44739,3278788
589.52007,712017
590.01194,1879530
590.15167,3167317
590.29133,2310834
591.06273,2309104
591.084,2481529
591.11446,394043
591.13551,885906
591.22926,862171
591.25999,1949137
591.26589,374291
591.28118,2280056
591.33844,1897023
591.35374,1717768
591.40545,461806
591.42656,1187103
592.21883,776783
592.96914,2620535
593.09362,2783603
593.11471,1998688
593.12996,597936
593.13596,1307472
593.16624,327269
593.17232,654641
593.18764,275751
593.20273,1378717
593.20852,1788993
593.22393,1134484
593.26025,1624448
593.27559,1685341
593.29673,2417866
593.312,1117634
593.3543,672815
593.3847,2205971
593.40591,1925066
593.44233,2090427
593.45751,753143
593.47872,1934039
595.03658,435129
595.09416,928808
595.11519,1223942
595.18217,2138028
595.18805,1367470
595.20328,224104
595.21844,2008030
595.31239,144375
595.36406,2119120
595.40035,2220615
595.45795,1990795
595.47329,1115070
596.1257,1996066
596.2653,713458
596.98887,740546
597.03114,1026464
597.03706,1372249
597.05219,1614124
597.06741,1788031
597.08867,834242
597.14026,386688
597.14621,961791
597.16151,474355
597.18245,2130479
597.21289,1738550
597.23394,2098628
597.24934,1167505
597.25529,2037585
597.2917,305907
597.3797,2723408
597.39494,665202
597.41613,1044439
597.43726,1190297
598.33255,1234288
599.01613,2054525
599.04682,1615602
599.05255,768087
599.08316,985322
599.08897,1913255
599.10432,2299199
599.14069,1791586
599.16192,187104
599.1771,1397137
599.19816,650331
599.21347,143334
599.23452,1152879
599.27104,1149500
599.28367,1369694
599.30147,2286912
599.32267,323000
599.33789,1074915
599.43167,2411366
599.45299,2290338
599.46804,794994
600.97431,2723625
601.01072,1997896
601.06229,1210028
601.11996,2152162
601.21366,1624499
601.25003,2216594
601.26555,1951351
601.28075,1690202
601.28665,2062293
601.30181,261169
601.31708,211565
601.35929,2901882
601.38985,603818
601.43215,2152182
601.44733,162589
601.48375,2063712
602.23956,295395
603.0416,2080257
603.04753,1128259
603.06279,1989454
603.07798,172750
603.11444,886207
603.13553,1763023
603.1719,1330471
603.1872,1527059
603.1928,642977
603.20853,923353
603.22931,785231
603.24472,598842
603.2658,685772
603.30234,803459
603.3328,1777928
603.36912,1438951
603.39025,2517713
603.42664,828360
603.46299,2140078
603.5358,628748
605.0209,334605
605.06313,417308
605.07845,407456
605.09363,804620
605.09956,262658
605.13013,2028639
605.13594,1198038
605.15118,2086312
605.18741,946511
605.20868,1927562
605.22389,2320653
605.23921,1826874
605.25787,2318003
605.27588,244562
605.28146,729640
605.31191,2146224
605.33335,444661
605.34835,956127
605.36942,2031708
605.38488,1736578
605.4211,1806604
605.44236,862497
605.45746,940590
605.51509,640188
606.28604,1540881
607.00022,904395
607.02136,1987334
607.05773,2310671
607.0731,897480
607.09411,444120
607.10932,447111
607.11515,1881881
607.16681,625743
607.18195,1064124
607.18801,525094
607.20324,1496411
607.22419,1625453
607.25499,166615
607.29102,791948
607.31233,557821
607.32508,2067163
607.36989,1246089
607.45783,432252
607.47311,901743
607.53071,1178825
608.074,1883992
609.00074,2036862
609.10985,1883634
609.12475,360528
609.131,2150810
609.18247,639009
609.21908,2020085
609.23415,699754
609.24009,1250328
609.27643,1460968
609.30696,1155394
609.32801,2305029
609.34321,521505
609.37957,697830
609.41596,910649
609.43727,988062
609.50997,944810
611.05257,1968794
611.10419,1810687
611.12524,1796888
611.14388,2454425
611.1618,589285
611.17718,896388
611.19243,1335971
611.21348,2199657
611.22867,455309
611.23438,566309
611.24972,726539
611.27101,480635
611.30139,130646
611.32254,470714
611.34364,1691826
611.4317,369324
611.46802,718039
611.50435,478672
612.26029,600275
612.98352,1130776
613.01063,1247128
613.02591,710859
613.03187,276202
613.08351,1428072
613.13511,1253227
613.17747,1280202
613.2078,1262071
613.21138,1414875
613.21354,133369
613.24423,912905
613.26543,2158151
613.35328,577515
613.37452,1957703
613.38971,1196591
613.39574,1263350
613.46851,1828300
613.48359,1047656
613.52003,485838
614.18792,958001
614.32765,701027
615.04753,575259
615.0509,1336608
615.11444,974872
615.1204,1841282
615.13556,1650090
615.15657,496847
615.17194,1343642
615.18734,966828
615.19299,182136
615.20828,2306937
615.26004,347350
615.27857,574761
615.31742,108519
615.35384,1836364
615.36926,300188
615.37493,630124
615.39027,620448
615.40573,1188814
615.41127,1792077
615.49944,1274234
616.02749,1604671
616.96914,256414
617.0211,576989
617.04191,1036113
617.05735,2277847
617.13019,1484544
617.22381,174101
617.2393,365742
617.26042,439247
617.27557,1014725
617.2966,1233187
617.31791,195406
617.35415,632541
617.39065,491372
617.40588,1427819
617.4211,1171712
617.47857,1154432
617.51507,656953
618.09475,1275092
618.23447,526833
619.02121,255274
619.07306,593292
619.09412,1247812
619.09748,1221944
619.10939,1470651
619.11519,714454
619.13037,840976
619.18223,830208
619.23962,524762
619.27605,1226427
619.29122,1109455
619.29702,1131938
619.3335,84512
619.34879,1496113
619.36412,1094747
619.45787,372856
619.49426,437114
619.53058,593104
621.00066,844419
621.10966,207184
621.125,530418
621.16152,2039592
621.16727,1541021
621.18257,1487012
621.23412,409619
621.2553,623076
621.27044,590861
621.32803,1653509
621.34344,756853
621.34907,1489580
621.50981,768537
622.14119,254298
622.97995,962241
622.99502,184490
623.01614,1116248
623.05253,1681321
623.06787,1240315
623.10441,1486429
623.14648,1436460
623.23189,1843231
623.24987,1390304
623.32853,137509
623.35891,514550
623.39525,126673
623.41657,1497777
623.45286,875518
624.20865,317055
625.03195,895972
625.04718,1360406
625.0624,610800
625.08351,534940
625.0989,904115
625.10468,385706
625.11983,390000
625.13522,916378
625.15629,337392
625.21374,1511428
625.22914,1197626
625.29931,806725
625.30185,1495476
625.35351,691980
625.37454,194217
625.39567,112365
625.41098,1480334
625.46838,1926411
625.50489,387355
626.98994,1073926
627.02634,266285
627.04743,1439167
627.12013,1083970
627.15095,965212
627.15654,523868
627.18732,1753203
627.19308,351572
627.20841,1270916
627.22363,579206
627.25996,795832
627.26568,1253168
627.3386,158813
627.39014,605231
627.40549,204909
627.44775,825820
629.02082,262946
629.04197,100861
629.05733,1183427
629.06333,106108
629.09956,1608555
629.11487,1123045
629.13006,1219065
629.17241,1069612
629.26037,682273
629.31186,854471
629.3332,1001781
629.35426,648757
629.38482,1058604
629.39067,1558996
629.40576,1191812
629.42687,850283
629.44223,1247085
629.47852,746525
630.985,293587
631.0425,239425
631.05775,657265
631.07894,845328
631.10921,831582
631.11526,1287366
631.13039,417602
631.14573,1128314
631.18801,1514932
631.25478,419658
631.2734,1453385
631.29139,1227194
631.32766,1093579
631.364,1381808
631.38522,1106756
631.40047,963683
631.4426,653960
631.45803,661130
631.53083,821557
632.02239,692226
633.01579,87440
633.05213,944490
633.05802,183010
633.08864,452624
633.16739,95370
633.18255,340359
633.19765,901612
633.21885,1333146
633.27642,815933
633.32801,1456760
633.34331,1221790
633.41615,233790
633.45242,948797
633.50991,745265
633.5463,312155
634.08983,382475
634.97978,518922
634.99524,1278792
635.03147,165690
635.05257,713510
635.09232,1308184
635.10418,727521
635.11019,1012273
635.1255,1239398
635.14656,667588
635.18036,1260224
635.19816,1184621
635.24971,119916
635.2862,1417657
635.29191,1065223
635.34381,828878
635.36485,170139
635.45283,683916
635.56197,181899
636.99545,494812
637.01076,542264
637.04705,454804
637.08927,1002918
637.1198,1028205
637.15637,490664
637.16193,1578185
637.19256,403704
637.19857,203700
637.21379,519373
637.24767,325651
637.25032,1082985
637.26531,482561
637.30174,826270
637.30773,975052
637.37448,1516710
637.38043,1207703
637.44737,1210773
637.46852,879518
637.4837,467612
637.54121,695514
638.99001,1224601
639.02629,839386
639.04167,531453
639.06287,95125
639.0841,67617
639.09916,1242013
639.1719,1107594
639.18721,150215
639.22936,885668
639.24463,497975
639.29633,1016607
639.31484,823972
639.33854,1056498
639.42656,772718
640.20357,777432
641.00558,720361
641.02686,481384
641.05723,554710
641.0665,463386
641.07848,787212
641.09354,327673
641.11495,248319
641.13601,315550
641.1512,695565
641.16645,1303738
641.17224,287540
641.20287,311432
641.20881,134987
641.23922,1193595
641.24505,542967
641.26028,1191348
641.27575,975203
641.29654,776524
641.31221,1286305
641.4059,376027
641.44223,95051
641.515,194768
643.05767,291158
643.07882,274088
643.09403,681639
643.13054,776956
643.1339,284987
643.16686,267506
643.18807,846397
643.25487,715219
643.29116,296551
643.29718,288958
643.31242,953053
643.32771,1125990
643.34862,338118
643.47897,118721
644.96426,82393
645.00052,881979
645.01584,427872
645.052,227790
645.05794,1247558
645.10976,822324
645.13085,821576
645.18255,611215
645.19768,1267845
645.20115,910599
645.23989,512557
645.25523,629138
645.29156,173016
645.30693,94106
645.34921,1077829
645.36459,245641
645.42197,1059130
645.4584,454725
646.31741,991941
646.99507,149659
647.01611,703091
647.10427,480859
647.11027,920317
647.14064,147827
647.14667,378074
647.17692,939897
647.18298,650865
647.25567,589280
647.2862,565843
647.3227,303667
647.36484,886648
647.38008,416638
647.4165,1079506
647.43171,777469
647.46818,258178
647.56201,949598
648.15701,959454
648.95913,952342
648.99544,1032150
649.01996,427534
649.06812,658907
649.1081,86994
649.11985,132004
649.12555,558646
649.1411,424086
649.17714,191086
649.19851,802089
649.26545,389020
649.27142,1001212
649.30183,624808
649.3076,1161780
649.323,356543
649.33812,103391
649.34396,456985
649.37466,573448
649.4474,490929
649.50491,255756
651.02627,435575
651.04754,291519
651.06271,212009
651.08721,576557
651.09926,1139417
651.13549,688687
651.15676,802420
651.24458,647569
651.26583,321616
651.28126,839570
651.28706,469344
651.30239,466369
651.3234,113795
651.39024,861936
651.41123,374557
651.48407,359510
651.49949,526518
651.5206,745822
651.55693,283344
653.09951,891389
653.11483,435746
653.13,509814
653.17232,1103260
653.18764,916386
653.24492,94974
653.2756,66697
653.31802,497013
653.33324,830245
653.35444,206855
653.38481,880672
653.40597,327900
653.4787,466112
653.53637,855526
654.13139,547242
654.2709,826166
655.00612,822660
655.07874,329240
655.15148,612064
655.16684,185944
655.22179,475315
655.27589,728328
655.30978,1072008
655.31236,671777
655.33353,118695
655.38521,214511
655.42162,1061502
655.43689,406896
655.45785,717877
655.47907,593262
656.05883,151608
656.19845,295352
657.06147,688715
657.07335,157200
657.08857,97128
657.10988,636360
657.13078,501374
657.16134,1057323
657.19783,610239
657.30686,326864
657.32799,373092
657.38553,160856
657.47365,408018
657.54634,630969
658.9798,548155
659.03724,808073
659.0527,875262
659.08904,719001
659.10421,618425
659.12545,261317
659.14636,618531
659.24969,578568
659.28612,913384
659.30725,493695
659.32258,569306
659.32846,481311
659.34363,135058
659.36466,841130
659.38008,149469
659.40113,476355
659.41643,217429
659.47398,840549
659.48918,599122
660.10538,496776
660.24502,57202
660.95913,62867
661.03173,562596
661.06828,400991
661.08345,596918
661.08944,718953
661.12581,456637
661.15622,668636
661.23505,472808
661.25012,281179
661.28663,551722
661.30749,276463
661.33836,574547
661.38052,284058
661.41098,959231
661.46853,121736
661.50503,821535
661.54132,704073
662.17267,266730
662.31225,432384
663.01108,875283
663.04754,213152
663.06264,504769
663.08387,755569
663.09922,721077
663.13558,254085
663.19296,184275
663.2448,603888
663.25057,409775
663.2634,338977
663.28688,635310
663.30214,651522
663.32325,66701
663.37498,118046
663.39037,705466
663.39606,351840
663.43242,749429
663.48428,155794
663.52046,675843
664.15191,315330
665.04215,225082
665.13591,528212
665.15118,283956
665.15713,416202
665.19339,600572
665.22386,216123
665.26021,142486
665.26622,88148
665.29683,134187
665.30265,368470
665.35442,369829
665.36942,112023
665.37546,101706
665.42704,116082
665.46341,471015
665.4998,619731
665.51513,671275
666.07963,884995
666.21926,319321
666.98487,40238
667.02105,433430
667.04234,601769
667.07294,64149
667.09401,374500
667.15153,571494
667.18207,211280
667.20307,251429
667.21844,432866
667.23977,532997
667.25489,615962
667.26042,452360
667.29125,274117
667.31242,816676
667.38502,97078
667.40652,403751
667.55185,205455
669.058,750893
669.08881,286269
669.09456,468542
669.1096,111497
669.13062,659614
669.20374,393466
669.23746,217624
669.27047,275642
669.29173,726663
669.30671,586668
669.32814,237704
669.37964,743595
669.40088,524362
669.45235,277141
669.50994,399825
671.01611,607699
671.03156,74733
671.07375,743815
671.08911,417792
671.10396,463081
671.12544,197988
671.14046,230813
671.14654,356545
671.16167,267437
671.18286,497737
671.1981,55600
671.21346,518324
671.21923,254854
671.25572,495393
671.27078,94598
671.30477,244050
671.32841,158823
671.39542,312462
671.41637,348158
671.45278,326728
671.46822,336994
671.51034,371846
671.56196,67200
672.33303,208340
673.0107,122078
673.03195,115245
673.04701,607705
673.0531,677536
673.05637,446729
673.08911,390861
673.1047,222586
673.12571,467332
673.19852,386160
673.22891,330065
673.26537,500100
673.27129,583772
673.30199,550318
673.32309,597587
673.38055,323379
673.41097,598755
673.41678,509398
673.48387,288246
674.99005,420007
675.02646,540826
675.06856,750679
675.12391,237735
675.14141,397315
675.15652,233843
675.17186,485546
675.20818,182112
675.21417,510111
675.24478,234904
675.28702,89323
675.30222,38351
675.33866,269206
675.35395,581916
675.39017,348304
675.39617,730865
675.41136,142854
675.46903,243096
676.10035,325693
677.08445,68205
677.13596,364420
677.15715,75165
677.18746,590750
677.19349,222471
677.22385,122418
677.22992,169281
677.28142,261926
677.3027,214836
677.31781,71813
677.33889,209562
677.35425,352197
677.36954,412572
677.37546,65271
677.40584,232993
677.44232,302900
677.44826,172072
677.53604,157520
677.57265,531701
678.96968,232583
679.00596,74763
679.02128,284561
679.03067,647978
679.04236,136544
679.09408,327827
679.13041,395934
679.16695,643794
679.20892,245321
679.24545,35526
679.27597,166572
679.31234,349643
679.31822,210079
679.38511,264048
679.40627,350491
679.42152,148914
679.42743,288786
679.44266,413303
679.45788,378106
679.47891,279576
680.14673,161390
681.00067,279839
681.0523,59378
681.10973,531639
681.13087,355391
681.14622,528690
681.16709,469172
681.20363,347906
681.2341,485489
681.25536,239821
681.27637,464740
681.30706,306826
681.32565,206304
681.34336,253891
681.36431,267945
681.38561,487825
681.41614,87858
681.47355,540521
681.50991,318766
681.53106,456661
683.01628,383964
683.07376,344687
683.07723,378560
683.08922,398735
683.10433,164435
683.11025,159097
683.1652,251732
683.17695,122374
683.19818,177370
683.21345,116365
683.21938,196823
683.30734,608059
683.32845,168113
683.35891,68783
683.40143,249635
683.45293,286302
683.52562,205808
683.54691,324361
683.56195,88677
685.01064,132295
685.03177,408288
685.04702,324780
685.08337,102274
685.08953,457243
685.10449,211670
685.11982,301001
685.14091,139640
685.15635,400012
685.17761,382488
685.19857,313712
685.21368,145689
685.22909,29021
685.23232,428467
685.23495,417836
685.25006,444227
685.26554,459090
685.27127,353357
685.28646,230579
685.30773,211062
685.34384,538707
685.38054,544730
685.39583,383532
685.41688,328701
685.43231,167328
685.46855,337806
685.54123,503656
685.57766,230953
686.97485,305382
687.01126,101288
687.06872,343376
687.08392,36829
687.13551,432578
687.15652,84169
687.1719,415985
687.20844,216558
687.21426,503136
687.26582,103287
687.28112,131663
687.29973,348450
687.32332,80858
687.35976,156995
687.41142,48861
687.44767,130558
687.48413,237100
687.49942,391985
687.50538,347611
687.55668,287020
688.328,130135
688.99019,98927
689.00579,95104
689.04206,203259
689.07839,147746
689.09952,412645
689.17226,178222
689.24497,452137
689.26621,251641
689.27903,458906
689.29662,42982
689.30267,428119
689.33311,234024
689.35432,247076
689.37531,99946
689.40601,196869
689.41161,42810
689.44234,364286
689.46356,393849
689.51522,430964
689.53635,204736
689.57257,367862
691.00599,308296
691.02132,165957
691.04249,176472
691.06372,305056
691.09406,75068
691.10005,167365
691.1152,263029
691.11863,91443
691.13055,284042
691.13645,111568
691.17275,37743
691.2607,131030
691.27605,523763
691.34637,440840
691.39112,218228
691.40642,128120
691.42163,485743
691.44267,326939
691.53058,117667
692.23477,187170
692.98543,313170
693.07335,427000
693.07918,112371
693.11547,442575
693.16738,163425
693.21885,259684
693.25523,168859
693.27616,324364
693.31277,29041
693.33375,321669
693.3491,219693
693.37025,346961
693.38542,145858
693.42204,250143
693.44306,446650
693.47377,68378
693.53112,214204
694.1626,132361
695.01625,140385
695.03736,330908
695.0525,100894
695.25296,232824
695.28618,386882
695.32289,271356
695.35897,380267
695.39525,85588
695.40116,292617
695.41651,273497
695.43174,306814
695.4375,196755
695.45283,372949
695.4894,119043
695.54671,282422
696.14181,53485
696.99547,250343
697.0317,122333
697.04713,118944
697.05321,367835
697.08346,193227
697.09281,116420
697.14078,364766
697.15635,50951
697.17722,56515
697.19257,229831
697.19848,82447
697.26526,116929
697.32055,342562
697.32301,164188
697.37465,383919
697.39583,228608
697.43209,286614
697.50482,23035
697.52594,365688
698.20902,286520
699.0265,137836
699.06278,241927
699.06881,98197
699.07209,387763
699.08394,99250
699.09915,45392
699.10485,95858
699.14138,217735
699.15654,84954
699.17206,82703
699.17773,155367
699.19299,73213
699.25046,126776
699.28116,134578
699.28696,391088
699.30232,239032
699.37499,170936
699.39018,38348
699.41135,66147
699.46303,434005
699.48427,264794
699.50527,33874
699.59347,431630
701.04198,219495
701.08418,22241
701.11478,282241
701.13607,117699
701.17244,280839
701.18753,224121
701.19337,325555
701.2272,102381
701.22978,41386
701.26611,287997
701.2815,85145
701.33327,131992
701.33906,135995
701.39059,222068
701.40587,21480
701.4117,345936
701.427,54061
701.44226,295253
701.44827,134572
701.47864,278803
701.51524,293286
701.52091,287950
702.25557,265314
702.9696,287365
703.04267,124299
703.05759,116421
703.07879,166831
703.20341,132896
703.20907,268555
703.22415,43277
703.23955,50023
703.2604,40361
703.28185,121259
703.2945,174947
703.31238,180982
703.34858,101194
703.42743,286637
703.45792,371558
703.46387,72709
703.47916,226175
703.50014,81131
703.53073,280705
703.55171,196190
704.98538,329948
705.00052,150634
705.07932,159029
705.14611,89573
705.16719,32079
705.18249,19023
705.24017,69299
705.2554,234494
705.26117,21273
705.27409,251002
705.29167,31504
705.33398,75823
705.38563,277353
705.40086,150575
705.40673,288683
705.43728,89060
705.45832,49066
705.47334,95357
705.4947,222623
705.5676,243044
707.03739,203065
707.05271,133334
707.11346,75662
707.13126,242645
707.16183,120171
707.21935,259040
707.25561,324369
707.27685,191199
707.32843,253873
707.34373,239343
707.34951,209452
707.40129,293046
707.41645,105575
707.52548,225395
707.56194,298426
707.58304,320338
708.22969,236779
709.01101,189966
709.0167,139771
709.03183,199018
709.08912,120826
709.10477,294427
709.17752,58034
709.18076,245134
709.19858,206854
709.229,237976
709.25023,96345
709.27128,323014
709.28627,152698
709.33824,69356
709.35925,188031
709.37454,132364
709.38046,61435
709.39584,30639
709.4167,142547
709.43208,195029
709.44736,297865
709.45321,145372
709.52609,332102
709.5622,198209
711.03239,138839
711.06273,104420
711.08392,174557
711.12039,43891
711.14146,72526
711.15674,277060
711.17771,74567
711.24808,27274
711.26598,165332
711.33864,237679
711.35388,119611
711.37497,294927
711.39018,70444
711.39609,18157
711.41142,75864
711.46294,111567
711.48403,82864
711.52053,268261
711.55701,117340
711.59328,137210
712.13681,76748
712.99045,157474
713.02688,224664
713.06315,282479
713.12065,52124
713.15107,93235
713.15709,150152
713.18764,230823
713.19355,67354
713.26061,233868
713.33293,206030
713.33911,83427
713.37528,220540
713.39061,50470
713.40589,164280
713.46346,162894
713.48462,209145
713.49962,144033
714.20398,73615
714.96968,117986
715.02706,151024
715.0425,235032
715.06364,44857
715.079,22303
715.0998,241154
715.15161,271687
715.16698,92372
715.17263,66459
715.18797,98303
715.26089,70868
715.27603,67556
715.29702,150808
715.31827,176949
715.33344,51538
715.38505,185118
715.40629,197504
715.44274,71553
715.46396,92114
715.53074,114789
715.58814,144767
716.98523,245989
717.09465,87180
717.10966,211216
717.13079,256027
717.20375,43816
717.2764,70164
717.29743,127400
717.32816,14488
717.33391,68133
717.37049,160680
717.38546,223273
717.50978,19181
717.51593,235254
717.54641,205971
717.60388,140960
717.64021,144460
718.11092,76707
719.05249,42353
719.08897,252510
719.09506,63761
719.13139,139602
719.16159,91749
719.18289,247596
719.19826,208524
719.20171,85461
719.25561,139568
719.27105,219827
719.28948,23605
719.40107,155545
719.45864,79288
719.47402,115615
719.48932,174401
719.49514,21213
719.5105,35513
720.31782,87120
720.98008,118938
721.03182,63552
721.08952,223628
721.19854,117332
721.21366,168112
721.25009,205559
721.25612,200150
721.26882,56250
721.34416,162376
721.38064,121479
721.39572,115898
721.40141,149162
721.43216,140235
721.45322,97736
721.50495,34783
721.52593,20780
721.56216,87275
721.57775,75491
722.97473,82029
723.01116,222182
723.02629,60847
723.08382,173197
723.12018,37681
723.17767,203296
723.20854,105638
723.25073,138723
723.26587,101976
723.28114,151621
723.28712,111643
723.33598,100697
723.33862,217587
723.39006,53116
723.39611,111605
723.42668,71112
723.44774,112346
723.46291,43483
723.46904,49042
723.59344,123449
724.2246,65025
724.99037,220100
725.01159,21626
725.04197,164656
725.15701,178840
725.17234,163360
725.22982,141535
725.26041,145242
725.29658,91626
725.33895,25286
725.3906,14227
725.41193,203758
725.44807,131598
725.46331,112114
725.47867,165088
725.51498,28324
725.53637,48441
725.60894,150553
726.29208,39926
727.02728,13169
727.06372,111050
727.079,24104
727.09411,144394
727.11533,25010
727.13038,74941
727.13616,114500
727.15168,109026
727.16679,202236
727.1727,92228
727.20321,44782
727.23972,40946
727.24308,192580
727.24557,59807
727.28183,22132
727.31264,51704
727.31821,11732
727.33338,94576
727.35462,90943
727.39102,115359
727.44271,174101
727.45794,131369
727.49409,52186
727.50023,70148
727.51554,63381
727.53656,34713
727.58814,128323
728.13142,79810
728.98544,138784
729.03712,52789
729.08246,66046
729.10976,12753
729.1155,36714
729.16714,130654
729.18225,58671
729.20373,77014
729.26095,48305
729.27632,14429
729.29737,12313
729.32799,86157
729.33398,25948
729.34921,105604
729.40082,43093
729.40691,67750
729.42179,135468
729.44318,106866
729.47941,173549
729.51586,100076
729.54632,136533
729.64017,9354
731.00107,128482
731.01632,130230
731.05256,44399
731.08907,93070
731.14995,12029
731.25554,67426
731.271,35960
731.30724,18481
731.32849,118725
731.38595,90874
731.41668,161209
731.42232,42181
731.4376,132828
731.4893,109691
731.49514,80380
731.51027,94916
731.54677,50719
731.61942,101748
732.98007,68094
733.01666,121392
733.12572,31257
733.1774,150058
733.35951,68884
733.38043,13850
733.40184,164202
733.45322,22518
733.56222,93997
733.57761,120429
733.59883,44499
734.99591,70474
735.01109,103743
735.03227,79518
735.08971,118154
735.1411,80675
735.15682,135237
735.19301,109834
735.19666,102705
735.1989,134838
735.21441,97128
735.26574,68197
735.2717,29931
735.30821,25274
735.34467,126781
735.35976,9854
735.3751,45046
735.3807,128546
735.41137,83997
735.48985,108529
735.57776,162730
735.61427,46274
736.17283,49108
736.31258,104364
736.99048,62179
737.00562,68587
737.04217,101103
737.04807,125598
737.06316,148165
737.07829,25285
737.17221,94014
737.22393,19031
737.23004,13371
737.2639,13473
737.29683,55354
737.33312,127762
737.33893,92190
737.36953,126931
737.39062,71580
737.40598,67349
737.44808,21216
737.46353,54280
737.47852,146576
737.48461,162752
737.51514,155944
737.53637,91566
737.57235,10895
738.99076,35998
739.04247,6995
739.05767,11967
739.0638,108683
739.15164,25131
739.16684,103799
739.20924,66282
739.24516,13152
739.27603,42174
739.31819,68067
739.33099,89001
739.35459,114337
739.36986,73752
739.38518,43452
739.42153,78852
739.4276,38302
739.44275,118383
739.45782,82484
739.49445,46850
739.57282,24364
739.58808,16324
740.21958,69424
741.0005,46874
741.02169,70227
741.04268,24332
741.05815,119684
741.07347,60570
741.1098,134800
741.13075,129405
741.14611,30072
741.16699,24548
741.17069,126751
741.18853,45587
741.20361,56065
741.21897,52268
741.25504,76096
741.2763,104796
741.29192,103269
741.29757,51403
741.31291,20067
741.33395,106642
741.37024,9427
741.38564,106189
741.40663,21674
741.4219,89781
741.44306,42551
741.4583,74402
741.51568,91787
742.28699,38760
743.0161,77670
743.03737,79567
743.05838,109979
743.08907,24938
743.11049,94428
743.12529,59064
743.1618,80659
743.18284,86721
743.23444,63024
743.24054,84881
743.25546,44088
743.29213,82393
743.32833,26070
743.42232,24149
743.43757,30662
743.45272,121241
743.47365,47703
743.48917,144138
743.49504,15857
743.51051,85026
743.5257,119408
743.58316,143871
744.98027,31827
745.0319,36510
745.03771,27976
745.05304,47333
745.07759,79266
745.12556,116547
745.17752,92593
745.18344,76582
745.19845,102948
745.21958,34601
745.23497,23974
745.25007,50281
745.28666,93658
745.32882,97454
745.39583,94480
745.43204,139504
745.45339,12559
745.48961,67631
745.54114,113063
745.57762,68861
745.59871,85647
745.67165,57795
746.19386,12166
746.95951,51422
746.99582,21372
747.01129,58684
747.04757,16581
747.05332,95900
747.12037,44198
747.14157,96024
747.15664,79357
747.17771,13657
747.19299,118713
747.19897,83957
747.30222,93671
747.3081,78625
747.32336,28281
747.3387,86705
747.34441,33225
747.35962,51192
747.3809,62204
747.39632,54330
747.45355,90455
747.46897,74418
747.49007,10658
747.50538,45735
747.52651,70887
747.55709,57214
747.59321,46291
747.6145,90857
749.04795,117053
749.09968,107294
749.12068,105656
749.15706,83590
749.21453,110848
749.24518,41535
749.30279,11282
749.31776,45066
749.36006,20147
749.37546,85903
749.39091,88815
749.41179,71153
749.43271,17300
749.44825,7965
749.48465,101968
749.50557,17766
749.57263,19196
750.10068,56829
750.24041,5536
750.99077,21340
751.00612,60254
751.05783,35441
751.06368,30801
751.09407,77510
751.11522,26177
751.15151,61067
751.16666,62595
751.18818,100185
751.19129,58274
751.20333,37795
751.23971,41566
751.24552,94417
751.28184,100531
751.31822,10884
751.34847,17034
751.35477,47835
751.38516,52802
751.39097,73552
751.40638,19929
751.47904,95326
751.53037,41169
751.55173,41394
751.60925,13864
751.62455,64907
752.16815,48520
752.3076,27077
753.00041,49430
753.02168,54666
753.03686,69503
753.04276,57916
753.05815,109015
753.07338,51602
753.10997,9145
753.16721,12084
753.18821,86955
753.21895,75030
753.22476,80819
753.31294,10987
753.32809,38105
753.36463,62660
753.37036,55186
753.3854,59661
753.40079,52581
753.40684,46450
753.42175,84160
753.43724,34736
753.44313,16257
753.4736,79404
753.47918,65839
753.51572,41576
753.5466,82028
753.58865,54412
753.60373,58787
755.00079,21719
755.02241,79055
755.0737,100174
755.11006,85791
755.12537,28934
755.13127,65997
755.14649,72186
755.16192,52220
755.18323,58218
755.24037,56216
755.27676,6362
755.30749,54622
755.31317,75326
755.365,78909
755.41653,16468
755.42228,17533
755.45295,37560
755.45886,20202
755.47402,88040
755.52544,9958
755.58316,96487
755.61955,31400
756.21457,52061
757.0319,72789
757.06821,10755
757.07417,45302
757.08931,17161
757.11043,65867
757.12571,33814
757.14691,45932
757.1656,22879
757.17733,22594
757.25037,56637
757.2713,10797
757.32301,69472
757.32883,53942
757.34405,30531
757.36539,65961
757.38042,43961
757.39552,57789
757.41673,34668
757.45316,99484
757.54719,67560
757.56237,72683
757.5988,54883
758.14217,72768
758.28194,48894
758.99573,56643
759.01101,8736
759.06871,97621
759.10519,74361
759.12054,47170
759.15668,36301
759.19328,3959
759.19884,49994
759.21412,58817
759.23288,15849
759.26594,49102
759.27175,56474
759.37517,44663
759.39604,12089
759.41139,62729
759.44788,79958
759.49014,70485
759.50541,11701
759.52636,12377
759.61401,51799
760.12149,65441
761.08432,69769
761.09947,63549
761.10543,7018
761.13595,23263
761.157,14975
761.17231,82172
761.17825,24156
761.19358,31262
761.21456,62118
761.22982,60364
761.26636,73902
761.28168,63605
761.30258,38619
761.36018,50851
761.37528,29047
761.39078,40954
761.39651,71248
761.41166,79458
761.4274,14982
761.44819,28777
761.48462,19115
761.49979,5251
761.50565,31530
761.66666,61493
762.18874,53722
762.95445,11271
763.0059,26779
763.0426,32117
763.09978,35055
763.13655,24954
763.1397,64169
763.15155,10255
763.19395,50374
763.20915,15292
763.24547,38646
763.26677,48436
763.303,17169
763.33352,16533
763.40627,31179
763.44239,48910
763.44861,58877
763.46353,64136
763.48512,41354
763.50016,25752
763.51557,51359
763.52111,44967
763.53667,53916
763.55178,80237
764.96984,50042
765.07336,50256
765.10967,4372
765.1188,66937
765.13089,10744
765.14614,7237
765.15195,6857
765.18235,40881
765.20348,47187
765.22485,52101
765.23998,29018
765.34921,78410
765.37025,44276
765.40656,17340
765.4431,60787
765.47364,35144
765.47952,27287
765.49449,3162
765.53135,12268
765.58879,12117
766.98574,72410
767.01642,15801
767.02232,60130
767.13138,20276
767.16759,18912
767.18301,19993
767.20402,47919
767.27094,13713
767.29196,4798
767.31312,63384
767.32834,14541
767.3437,36106
767.38603,36031
767.4223,22725
767.43766,39470
767.47378,54232
767.48912,44286
767.49512,23804
767.56787,61667
769.01672,14117
769.03771,6108
769.05295,53725
769.11047,39549
769.12582,47827
769.14094,18162
769.1623,37502
769.18332,46186
769.21374,32981
769.21963,64045
769.25608,48929
769.35928,56684
769.36529,4843
769.38057,23538
769.39576,57524
769.41693,26459
769.4745,4092
769.51076,36600
769.52594,44549
769.54132,46053
769.54712,38445
769.58349,45915
769.67145,51269
770.95958,15917
770.99577,3078
771.01715,7542
771.04738,29147
771.05322,37150
771.09298,34645
771.10515,45825
771.12041,56786
771.14151,39706
771.16231,39222
771.19293,28100
771.19898,43512
771.21433,58905
771.23521,44636
771.25053,26932
771.26568,18523
771.32085,44461
771.32343,50624
771.33854,13035
771.34453,21889
771.39606,4447
771.41136,39570
771.41747,48519
771.50548,65137
771.52056,32815
771.55687,52189
771.57783,11787
771.61423,4862
772.20929,53925
772.97515,47438
772.99037,12380
773.02679,28658
773.04797,21065
773.12071,19536
773.14183,14986
773.15688,51173
773.17822,34923
773.21457,39912
773.22983,38959
773.24503,4331
773.25098,9430
773.26621,10674
773.35447,10833
773.37536,35444
773.39067,26928
773.46363,44777
773.46952,29586
773.57243,24678
773.59367,38734
773.62994,36179
773.66635,60068
774.27664,35891
774.9907,49341
775.04249,17264
775.04842,26959
775.06357,25167
775.07898,54728
775.0846,17891
775.09987,18615
775.1155,42560
775.15749,21572
775.17273,7280
775.24543,34104
775.26648,15665
775.28192,47059
775.33365,43448
775.36985,58644
775.39118,14608
775.4486,24143
775.46389,16935
775.48487,43838
775.52149,37212
775.6823,34279
776.98539,15660
777.04287,14494
777.0641,18993
777.10036,15150
777.13107,26244
777.15206,18009
777.16717,12471
777.18836,40001
777.24584,40403
777.29511,37322
777.35508,2756
777.38556,35973
777.39134,39631
777.40659,19746
777.42188,20281
777.44293,15807
777.4644,48836
777.47949,6488
777.53091,7795
777.55213,9531
777.56734,2032
777.6038,31626
777.66127,3937
778.18368,23412
779.02212,41993
779.05851,31761
779.07361,35412
779.11006,9296
779.16169,38822
779.16776,4399
779.23453,33358
779.34941,40247
779.40118,41683
779.41647,44891
779.4223,30437
779.43771,10687
779.45273,4615
779.4586,9728
779.51032,36205
779.54671,5306
779.56778,2306
779.6041,39226
779.61929,47741
780.98024,25670
781.00125,31370
781.01672,43370
781.03209,4504
781.03771,45141
781.05318,32089
781.07408,36805
781.11062,35534
781.14108,12100
781.18346,22646
781.21389,34402
781.25034,26474
781.2864,7428
781.29255,14998
781.3077,16594
781.34419,9826
781.35939,10651
781.39584,5701
781.41693,44904
781.46851,6834
781.47449,17533
781.48989,21761
781.50483,22998
781.52596,9382
781.54696,27956
781.56245,34431
781.58347,11619
781.61991,39165
782.99568,14410
783.01126,13038
783.05335,41919
783.08402,27915
783.08979,27119
783.12032,28856
783.12631,21956
783.1931,35758
783.1988,5838
783.23563,11717
783.26592,11525
783.30808,9657
783.32357,14272
783.43262,24256
783.46885,14247
783.48408,24541
783.55693,23973
783.57788,23666
783.65095,40387
784.9751,24685
785.03263,13113
785.04792,19137
785.06917,7376
785.09953,3350
785.10557,8958
785.17235,16659
785.17824,11155
785.23003,13085
785.24847,41796
785.32377,4577
785.33893,22736
785.3544,9352
785.37575,37656
785.39072,33367
785.46921,9707
785.48437,39144
785.50562,25468
785.52064,3346
785.53591,11686
785.54194,31668
785.57859,29503
785.59371,12255
785.63025,11377
787.00601,16614
787.02738,23488
787.06376,27592
787.08469,34241
787.09996,11928
787.18792,2654
787.19396,25371
787.20889,9858
787.22426,22198
787.26072,17944
787.31586,31319
787.35445,24978
787.36993,16344
787.39117,20737
787.4061,4032
787.41239,21870
787.42739,16470
787.44858,20388
787.46378,21399
787.48486,31617
787.53651,7112
787.55778,2247
787.57303,18324
787.64577,24632
787.68207,35383
788.20446,12143
789.00628,21669
789.04285,20520
789.06394,19928
789.09454,22650
789.10044,16216
789.11572,4841
789.13099,17910
789.15224,5778
789.1731,9095
789.20381,10043
789.24006,33910
789.27625,23722
789.28236,13002
789.3186,4081
789.38564,15446
789.40658,11487
789.44293,26780
789.45835,27848
789.47937,2810
789.53107,3515
789.53688,24067
789.5523,22096
789.58861,1731
789.60394,21122
789.69762,22033
790.1319,23924
790.27186,13533
791.00093,11627
791.05852,16202
791.11006,7451
791.11601,11550
791.14619,20119
791.16746,10660
791.18305,26950
791.18876,10096
791.2228,6234
791.24043,18796
791.25558,15903
791.26157,22350
791.27685,33778
791.29226,31435
791.29789,6080
791.34957,32763
791.44357,7056
791.47996,9177
791.51054,12604
791.51613,17581
791.53145,14274
791.54688,31759
791.67726,22253
792.96507,18858
792.98038,4324
793.00134,9226
793.03196,8908
793.03757,18443
793.05315,27075
793.08944,21178
793.10453,28178
793.12565,21047
793.14125,15178
793.16217,9457
793.21375,17285
793.21963,27424
793.25016,17361
793.30799,4000
793.34432,17688
793.36526,5262
793.45289,2298
793.46835,5951
793.47442,20010
795.08407,11676
795.12033,13645
795.12945,4253
795.16257,32372
795.17794,22464
795.21412,23970
795.35983,25282
795.38078,19824
795.39615,5988
795.41137,10611
795.4171,10297
795.43263,26594
795.44778,12778
795.45346,10688
795.46889,3415
795.52643,17445
795.61441,19901
796.99626,23232
797.02681,15603
797.08439,17083
797.10561,28133
797.14161,7639
797.19345,23812
797.20868,23047
797.24517,22463
797.26614,17267
797.2814,11179
797.31804,2835
797.33926,7929
797.3906,25646
797.39642,1737
797.41176,19261
797.46345,13898
797.4695,24336
797.48472,2880
797.54203,14217
797.55747,13987
797.57252,14200
797.61483,19426
799.00597,16942
799.04234,2590
799.04821,20676
799.15148,20943
799.17607,10682
799.1881,7142
799.22427,13888
799.28191,8518
799.3911,11120
799.42746,16967
799.44274,2591
799.44866,2130
799.48485,2126
799.50014,8889
799.55199,19158
799.55775,14628
799.5728,17934
799.6095,23736
799.68215,19628
801.0065,3516
801.04276,12221
801.06408,7772
801.09476,13177
801.13663,14818
801.15198,25039
801.2035,19028
801.24319,16327
801.26121,5223
801.29758,3826
801.33411,15024
801.34916,17849
801.37045,1726
801.42181,14600
801.42763,4058
801.51595,10305
801.53684,6394
801.5733,5347
801.58864,6731
801.60405,13997
801.62497,18519
802.98563,10919
803.0008,9315
803.02205,11023
803.07942,17007
803.14667,5746
803.18301,13156
803.18868,20636
803.21888,4180
803.26147,13312
803.27682,17625
803.42215,11007
803.47389,17764
803.49495,15945
803.53149,13259
803.54695,3183
803.55247,11024
803.64069,8744
803.67715,20877
803.71357,19410
804.96478,4040
805.01661,14463
805.05868,17640
805.13172,12193
805.14688,13563
805.15057,20830
805.16214,6956
805.20454,7259
805.25599,17678
805.27129,17214
805.2926,8338
805.34406,20820
805.34995,20469
805.3865,7175
805.4015,16470
805.42273,8239
805.459,7759
805.48948,12127
805.51082,13302
805.52594,5234
805.56252,6649
805.59872,12181
805.61992,7878
805.63527,3342
805.65642,12352
805.69256,11433
807.01119,15466
807.03239,6252
807.04774,2443
807.05328,16638
807.23533,13528
807.26582,18816
807.27166,10590
807.3022,10918
807.33842,1336
807.34441,16187
807.39614,14059
807.41705,10644
807.46904,5335
807.52037,13697
807.55681,3278
807.56282,14647
807.59904,18682
807.61442,5173
809.02705,4022
809.06301,9266
809.06903,5950
809.10543,5107
809.14197,15393
809.17238,4612
809.17835,11909
809.19334,4434
809.24505,16597
809.2509,6670
809.26632,6148
809.2875,15497
809.3024,12320
809.31788,5394
809.33907,5006
809.35416,3231
809.39048,12597
809.39644,12292
809.42719,15736
809.46922,6203
809.50568,13930
809.57268,3660
809.57857,8620
809.59369,9153
809.63028,16744
809.65136,1072
811.07891,4219
811.11517,9294
811.1212,1883
811.12436,15605
811.24534,10922
811.26077,4936
811.26679,952
811.29721,14215
811.30279,11364
811.33932,15653
811.42766,7343
811.46396,13655
811.5,15766
811.51564,12539
811.52128,2539
811.64571,13421
812.96979,18425
813.00635,8469
813.02173,6650
813.0428,878
813.05816,3013
813.06407,11394
813.11569,16460
813.13666,1455
813.15208,4055
813.17287,11627
813.18838,12895
813.20946,12103
813.26134,18060
813.2824,2158
813.3126,7632
813.334,4846
813.34904,12861
813.4219,1107
813.53123,2798
813.55222,5021
813.58855,14705
813.60403,9608
814.21993,6405
814.98565,7510
815.02228,12104
815.07377,14898
815.09467,5654
815.11597,3540
815.17101,6822
815.21903,3281
815.22518,10859
815.25564,4460
815.27676,10001
815.29212,7666
815.29788,8546
815.31326,7540
815.36478,12555
815.43735,6475
815.45881,7719
815.47422,744
815.47983,6926
815.495,11280
815.51645,9610
815.55247,7345
815.60426,14806
815.61955,2438
815.67699,7121
816.2876,1421
816.98004,13157
817.09521,3759
817.13172,6399
817.16213,8245
817.18325,15015
817.20447,13531
817.23812,6383
817.27725,11453
817.29263,12545
817.30762,11009
817.31339,11374
817.32894,1942
817.34425,12173
817.35015,7224
817.36518,12124
817.38048,14786
817.45323,2601
817.45905,6014
817.47433,7323
817.49547,11212
817.51092,8157
817.52615,4529
817.53196,3137
817.58359,12962
817.65622,3800
818.9443,2077
818.99577,9482
819.07468,8169
819.12621,11728
819.14156,5689
819.1474,10311
819.17803,7010
819.19906,4256
819.21427,10087
819.22019,7948
819.23531,15318
819.25051,2475
819.25662,12045
819.27179,10340
819.28704,5081
819.29298,8442
819.38096,4513
819.39604,3889
819.41728,1166
819.43265,8795
819.43838,1332
819.45356,9855
819.51119,13616
819.57794,4127
819.5993,7156
819.61448,4859
819.6507,1757
820.97532,8685
821.08434,11522
821.09954,14808
821.14182,12597
821.17213,5689
821.17837,6407
821.21447,9337
821.24501,1655
821.28148,7732
821.31772,5245
821.32366,3573
821.35397,13460
821.4117,10936
821.42699,7928
821.43294,11418
821.48445,11057
821.50572,6699
821.52089,3670
821.53619,12054
821.54196,9829
821.55725,7832
821.59389,10494
821.63004,8836
821.65126,10988
821.66646,8080
822.26141,5968
823.01195,6827
823.04825,4034
823.06364,3426
823.08457,6928
823.09985,5607
823.12124,9109
823.15132,9297
823.17281,2246
823.20937,1668
823.21249,7804
823.2244,2705
823.23015,2878
823.24539,5879
823.26669,1091
823.28175,9987
823.29718,10541
823.30287,650
823.37562,9177
823.39081,2502
823.4063,1574
823.4123,689
823.42752,7807
823.46367,3370
823.47902,5109
823.51543,3954
823.55181,7430
823.5576,11547
823.58836,2881
823.64583,7865
825.04266,4434
825.05797,2895
825.06395,7118
825.07931,2774
825.11557,2544
825.13651,2848
825.20375,2329
825.20959,6663
825.2249,12826
825.24584,6320
825.27656,9875
825.27958,3101
825.39129,6981
825.42753,5016
825.45855,777
825.47967,7090
825.50062,4874
825.55239,6492
825.60386,6693
825.64616,3431
826.98574,5225
827.00661,1520
827.03761,4903
827.04314,3011
827.11005,3866
827.11597,3448
827.13122,5802
827.15222,1936
827.20458,8772
827.21911,3301
827.25571,4205
827.26157,8755
827.29201,1122
827.31312,7343
827.33431,9948
827.37063,4987
827.3857,7453
827.40711,2666
827.4377,3361
827.47966,7468
827.58305,8625
827.60424,6521
827.61951,7160
829.00139,7194
829.02255,8872
829.08932,5924
829.09536,828
829.11069,8686
829.162,9616
829.18669,8008
829.19842,589
829.27155,4272
829.31346,1516
829.32872,7968
829.35007,7232
829.36531,6471
829.42285,10051
829.4532,6603
829.47445,1671
829.51089,4599
829.54711,6337
829.56828,2891
829.58351,2237
829.59898,7752
829.69257,5484
829.72894,1222
830.98063,4530
830.99578,3719
831.01711,6253
831.03203,7449
831.08987,7762
831.12625,3144
831.14718,8072
831.17772,1257
831.1989,4668
831.28694,8111
831.30811,4791
831.32333,9263
831.32907,7448
831.34438,1532
831.35981,4898
831.40208,4539
831.46906,6605
831.50505,1448
831.51112,605
831.5264,7389
831.54162,5288
831.54743,5432
831.56258,4567
831.61442,5258
831.63561,4147
831.67192,8345
831.70856,8266
832.9596,5845
832.97529,6338
833.01146,6092
833.03267,7813
833.0692,2569
833.08428,8385
833.09042,5830
833.12078,5538
833.14173,7129
833.19344,2749
833.25103,3441
833.27205,5439
833.30265,5191
833.30849,2272
833.34489,533
833.36018,6915
833.381,6272
833.39666,1668
833.4118,2813
833.4176,4956
833.46928,2756
833.48476,6994
833.54209,4038
833.56308,7259
833.59363,4888
833.7239,5859
834.97553,6048
834.99094,4363
835.0062,5529
835.04811,4036
835.06339,3261
835.07892,3472
835.08489,7108
835.09997,2650
835.11527,2038
835.15741,1030
835.18787,797
835.22466,4045
835.23022,6702
835.24549,535
835.26082,1759
835.28193,1238
835.2969,3578
835.35471,2641
835.36983,7478
835.3756,7572
835.41202,7269
835.44266,6836
835.4482,2048
835.47909,2584
835.50007,2295
835.52137,2543
835.53676,6724
835.57277,3559
835.59398,1723
835.60937,787
835.63051,6752
835.64587,1751
835.68215,809
836.18907,5044
837.02751,2244
837.06391,4968
837.07912,4985
837.09425,6706
837.13079,2017
837.13689,3119
837.13995,944
837.15203,2424
837.16739,4375
837.18851,4035
837.20389,6323
837.22471,1517
837.24028,776
837.24593,1624
837.26122,569
837.29741,1597
837.37032,3314
837.42204,7583
837.49474,622
837.5368,4415
837.57355,4985
837.60972,1693
837.62508,4293
838.25659,6216
839.00688,6381
839.09498,2607
839.13122,4079
839.14671,2261
839.18304,7972
839.18872,6995
839.20409,2268
839.24038,999
839.27672,6229
839.31336,1096
839.32858,4077
839.33439,871
839.34949,4615
839.43763,3450
839.45892,4225
839.4799,399
839.51621,1374
839.58892,1257
839.60431,4779
839.67713,4868
840.96506,6183
841.02268,4886
841.05306,395
841.11058,5875
841.16217,6644
841.21986,5323
841.27722,481
841.29241,4470
841.34433,6745
841.34988,6207
841.42246,1044
841.43814,484
841.4593,2321
841.47435,3998
841.52614,3010
841.53202,2291
841.58341,613
841.59866,3242
841.60466,4089
841.64104,2223
841.65621,6206
843.01712,2815
843.03811,5405
843.05338,1101
843.06864,3450
843.07464,2539
843.08985,2153
843.11086,1284
843.12602,4349
843.1777,1519
843.19911,2371
843.23517,351
843.25654,3476
843.27181,4603
843.29305,2846
843.3292,945
843.34439,832
843.35967,2657
843.39621,5836
843.43828,1221
843.46903,3020
843.47466,4802
843.54192,836
843.54736,2687
843.58401,432
843.672,4716
843.74458,3503
844.99632,1172
845.03252,4735
845.05371,3319
845.06891,2685
845.09027,2803
845.10551,3294
845.14185,554
845.19928,663
845.22999,2626
845.266,2037
845.30838,2135
845.32383,3377
845.36014,3933
845.39642,2893
845.41752,3526
845.45395,4842
845.49047,1254
845.50553,1585
845.54186,2388
845.56313,2319
845.5783,1107
845.594,2450
845.68766,727
845.72405,2366
846.99076,4371
847.01197,3621
847.0271,2791
847.06976,1723
847.09977,2628
847.10567,5840
847.13601,2993
847.14207,327
847.15771,1887
847.1787,2378
847.21512,5116
847.23022,2143
847.24545,498
847.24892,851
847.28168,1723
847.28769,3207
847.31814,329
847.33925,4522
847.3544,4034
847.37589,339
847.39115,2813
847.4121,1751
847.42727,2522
847.46393,1228
847.53663,1442
847.55765,5486
847.5943,444
847.63044,3810
847.64574,706
847.70322,951
849.00643,4531
849.02159,3152
849.02749,1609
849.05809,1725
849.07912,2812
849.13083,1654
849.15218,511
849.16735,2118
849.17316,2726
849.20374,2517
849.22462,767
849.24013,4111
849.24584,2540
849.27648,1196
849.28246,1871
849.29756,232
849.31262,2354
849.33393,4872
849.35519,1686
849.37059,1319
849.3917,1213
849.42201,2790
849.42794,515
849.44302,4848
849.49462,816
849.53133,4830
849.53682,2162
849.57341,4157
849.6249,3751
850.97027,2696
850.98573,5111
851.00701,2269
851.04344,2601
851.13129,646
851.15226,1856
851.18292,1714
851.21947,3809
851.2617,883
851.29215,3100
851.29521,1239
851.29785,3234
851.32834,2327
851.33436,2601
851.40129,2688
851.40714,3348
851.45889,766
851.47992,2871
851.5677,2342
851.58903,643
851.64069,1063
851.69807,3315
852.96487,1762
853.00129,3234
853.01669,3979
853.02257,477
853.07386,2207
853.08919,2052
853.0952,3912
853.14698,4359
853.16215,1244
853.2045,331
853.23499,1222
853.24072,2872
853.25606,3407
853.27717,1628
853.29251,2337
853.31373,3741
853.32901,714
853.38633,3400
853.47457,3043
853.51078,3359
853.54704,1663
853.65636,602
853.67735,2683
854.25131,965
854.98025,4357
854.99579,3260
855.00207,1306
855.01701,514
855.05348,696
855.06868,1630
855.14751,969
855.16239,1847
855.19927,1252
855.21422,2555
855.23528,2590
855.25032,732
855.25636,2414
855.29275,2280
855.30806,2415
855.35961,728
855.38111,1203
855.40202,1531
855.43226,3222
855.43833,376
855.47463,1198
855.50516,545
855.52655,524
855.57806,2246
855.65661,2115
857.01148,3191
857.04782,2839
857.06905,2093
857.0901,2730
857.14176,1387
857.16287,649
857.17791,2909
857.19335,337
857.21451,397
857.23025,1251
857.25089,1838
857.26625,2941
857.27218,3249
857.30273,980
857.30851,274
857.33878,4035
857.36013,636
857.38086,737
857.45406,2884
857.49033,2109
857.56351,1082
857.5785,544
857.72392,2394
859.03321,1885
859.06926,1997
859.08461,554
859.13621,750
859.15749,1837
859.17262,1297
859.20921,2926
859.2151,1812
859.2513,1652
859.26653,2670
859.31828,1422
859.35463,400
859.37581,1589
859.391,611
859.39674,1214
859.42732,196
859.46404,1786
859.48492,2208
859.50021,544
859.52115,1565
859.57865,1879
859.5942,2479
859.66674,3047
859.73969,1715
860.95487,903
860.99114,155
861.00662,2878
861.06388,1056
861.15198,2422
861.15781,576
861.17639,1501
861.19427,2618
861.20945,1839
861.24571,1673
861.26108,1727
861.29749,2315
861.31889,1992
861.33389,3025
861.37631,1740
861.41257,1501
861.42771,856
861.47918,1407
861.48518,2394
861.51609,544
861.5216,1003
861.55824,1171
861.57348,404
861.5947,1611
861.60996,287
861.62484,176
861.68258,2673
861.71885,212
862.20473,340
862.97044,2274
863.00084,2122
863.00682,202
863.11013,1692
863.11612,540
863.13114,870
863.1555,1457
863.16781,1139
863.18862,3116
863.20386,1689
863.22502,2279
863.24038,888
863.25588,605
863.26172,859
863.29812,163
863.31305,2312
863.32853,2841
863.40718,980
863.44354,1790
863.51036,2104
863.53151,1482
863.56783,1766
863.58915,862
863.64063,2604
863.6616,813
863.69806,2365
863.7346,451
864.27185,1362
864.98644,186
865.00134,1529
865.07408,1527
865.08945,1482
865.0951,867
865.18337,154
865.19882,1349
865.22289,1017
865.23506,1998
865.24086,2071
865.27699,1963
865.34386,1037
865.38632,973
865.42263,244
865.47449,1103
865.48968,945
865.54715,2448
865.62012,535
866.98079,891
867.03214,818
867.0382,1189
867.05309,765
867.0746,2120
867.08986,924
867.10519,1281
867.11111,364
867.14749,1146
867.16252,800
867.21412,313
867.27183,2372
867.293,1443
867.308,1536
867.36547,1844
867.38077,1243
867.40194,1388
867.43838,178
867.49034,1342
867.52629,323
867.54163,1528
867.56272,786
867.59907,836
867.62039,1579
867.63551,1339
867.69308,2121
868.9961,807
869.01159,937
869.01738,1131
869.08428,1748
869.10552,665
869.14173,1623
869.17813,1215
869.19337,175
869.22992,1838
869.25081,2038
869.26629,1816
869.28736,1762
869.30877,873
869.37525,723
869.41173,2177
869.43273,708
869.46922,1123
869.50576,838
869.5266,948
869.57844,2644
869.65106,1124
869.6722,696
870.99082,312
871.04848,1171
871.06934,101
871.09992,1778
871.10599,1617
871.14232,854
871.19369,764
871.19715,1023
871.20913,1536
871.2455,205
871.28777,1689
871.35465,627
871.39115,1225
871.39699,447
871.42755,332
871.43323,1752
871.4486,266
871.46411,1888
871.46969,1765
871.48485,1037
871.50624,1516
871.521,425
871.61501,1530
871.63057,1235
873.00647,1819
873.04305,563
873.06377,1684
873.08525,947
873.12141,988
873.15182,525
873.15785,1782
873.19422,1142
873.22461,1782
873.26431,1154
873.28215,497
873.29746,1685
873.37041,281
873.37636,1669
873.4064,229
873.47939,1308
873.53703,1310
873.5523,779
873.55785,1523
873.60964,370
873.71927,1101
875.00722,759
875.02211,1704
875.05849,674
875.13117,739
875.13739,774
875.15237,416
875.1734,1087
875.24626,182
875.27677,1043
875.28243,962
875.31335,1052
875.33418,1050
875.35556,1419
875.38593,1075
875.39177,1791
875.44356,276
875.49504,439
875.50105,1536
875.51624,1219
875.5375,1472
875.55269,1889
875.56784,754
875.57373,635
875.5891,387
875.60416,1682
875.62541,824
875.66159,1257
875.69826,1067
876.94965,193
877.02278,683
877.08941,656
877.09513,1282
877.13175,1270
877.14714,167
877.19872,781
877.23505,882
877.24086,1625
877.27137,1140
877.32891,1128
877.34412,359
877.35008,621
877.38632,1195
877.40184,1231
877.41676,541
877.4227,932
877.43805,1513
877.45923,1455
877.51077,1855
877.53175,985
877.64115,1149
877.75013,1517
879.03245,1443
879.06833,663
879.07465,1490
879.10507,95
879.11082,1320
879.14717,799
879.16244,927
879.1989,917
879.21422,1308
879.23875,1326
879.28694,487
879.29315,1072
879.32323,363
879.32915,379
879.36573,1344
879.45345,894
879.48991,1246
879.51093,116
879.52621,754
879.58385,268
879.62022,1001
879.63545,658
881.04792,348
881.10553,832
881.12055,1081
881.157,254
881.16277,1518
881.17825,354
881.19366,833
881.30873,458
881.32371,1084
881.33885,159
881.34493,700
881.3754,937
881.38123,234
881.39662,977
881.41741,917
881.43293,385
881.44817,794
881.49051,1130
881.52674,296
881.54198,532
881.56304,449
881.61473,1125
881.63617,728
881.65128,744
883.01182,1221
883.04828,608
883.06389,942
883.0694,643
883.08483,1544
883.09994,879
883.14217,233
883.17289,535
883.19401,827
883.20908,124
883.2151,234
883.26667,1021
883.28509,1111
883.2881,1391
883.30287,416
883.33946,807
883.35474,573
883.36042,99
883.37569,889
883.39118,995
883.397,668
883.41226,640
883.42756,1083
883.46381,960
883.46966,962
883.61513,98
883.63033,1020
883.66705,139
885.00643,762
885.04862,305
885.06392,814
885.08519,757
885.15776,438
885.18829,644
885.20949,792
885.26138,633
885.29763,143
885.30349,810
885.31864,192
885.3551,402
885.37019,820
885.44323,864
885.55236,735
885.59461,640
885.61002,788
885.63094,1403
885.6671,150
885.6824,780
886.97034,1179
887.05857,511
887.06455,823
887.09494,463
887.116,963
887.13712,404
887.1525,129
887.1678,806
887.1736,1112
887.18859,157
887.19221,688
887.22506,1263
887.24624,431
887.27685,981
887.2979,395
887.31291,589
887.31902,920
887.33457,572
887.35551,336
887.40699,676
887.42238,759
887.4282,625
887.47965,1020
887.50096,1137
887.51629,503
887.53726,637
887.57363,817
887.5888,982
887.62544,979
887.64656,71
887.69821,879
889.02258,389
889.05887,593
889.0742,335
889.18334,850
889.18922,1132
889.25597,146
889.2774,681
889.29817,576
889.40126,1080
889.47454,1000
889.49546,762
889.62583,859
889.67729,1074
890.96538,309
891.01709,63
891.11111,886
891.12622,689
891.14125,692
891.14725,471
891.16261,478
891.17775,385
891.19889,239
891.2142,458
891.2505,964
891.28692,670
891.29265,148
891.32927,781
891.34429,1006
891.35952,187
891.36563,155
891.38072,219
891.39578,432
891.40191,392
891.43252,112
891.4535,531
891.5479,980
891.58385,718
891.62022,1027
891.69311,194
891.72938,372
893.03274,323
893.04795,847
893.06899,784
893.12084,543
893.15706,363
893.19331,118
893.2662,462
893.27226,441
893.28738,113
893.30854,734
893.41179,190
893.41749,508
893.45403,209
893.56343,269
893.57826,700
893.59923,827
893.61488,490
893.67221,249
893.74508,1008
895.02744,544
895.03314,77
895.06346,726
895.08454,655
895.10606,340
895.15726,49
895.17274,374
895.17881,506
895.20902,413
895.24542,560
895.25137,311
895.30289,709
895.31837,454
895.35467,95
895.36044,594
895.3908,502
895.39687,673
895.4485,737
895.46957,577
895.4848,572
895.52123,230
895.61517,125
897.02771,449
897.04286,151
897.0791,768
897.08511,73
897.11542,585
897.13685,409
897.15795,271
897.19428,231
897.21278,675
897.2249,586
897.28264,694
897.33982,543
897.355,66
897.40679,490
897.41275,579
897.44889,850
897.46456,523
897.47904,238
897.51588,255
897.53696,416
897.66718,35
898.97026,606
899.06435,351
899.09489,272
899.11625,416
899.13124,532
899.15231,532
899.17339,580
899.18869,131
899.20992,102
899.24618,405
899.28014,111
899.28286,333
899.31911,211
899.35554,736
899.37041,311
899.42255,530
899.44343,111
899.46461,295
899.47986,400
899.49502,271
899.50108,248
899.53762,358
899.58882,611
899.64648,53
899.66173,498
899.68292,356
901.0014,170
901.02255,112
901.03783,699
901.04368,180
901.11048,553
901.14702,254
901.16806,103
901.22568,439
901.2773,230
901.3136,768
901.34999,131
901.37112,512
901.40147,214
901.40778,123
901.43814,257
901.44406,289
901.45911,429
901.48042,96
901.49568,232
901.5108,363
901.66213,105
902.96545,128
902.98062,594
903.00193,576
903.01681,474
903.05348,384
903.08985,165
903.09557,259
903.14728,344
903.18382,556
903.1869,489
903.20492,446
903.23533,33
903.24111,411
903.25658,237
903.27766,448
903.30812,590
903.31396,388
903.32929,81
903.36568,63
903.41732,243
903.45324,236
903.48998,161
903.56268,151
903.60498,285
903.64143,70
905.01147,133
905.09039,152
905.12056,134
905.17813,89
905.19944,353
905.21463,563
905.30269,277
905.32383,412
905.33891,145
905.38113,160
905.41184,99
905.46948,340
905.54206,193
905.56334,381
905.59965,482
906.96022,527
906.97568,320
907.09967,404
907.13622,439
907.17272,394
907.19373,361
907.20909,488
907.2152,152
907.23015,498
907.24556,44
907.28189,529
907.3032,566
907.32413,434
907.36058,81
907.41213,211
907.44829,282
907.46384,23
907.50589,202
907.61508,473
907.65159,315
909.00644,193
909.043,238
909.1003,47
909.23077,80
909.26141,80
909.28218,436
909.31876,137
909.33998,97
909.35507,100
909.44339,514
909.50038,133
909.52166,318
909.53687,135
909.55804,242
909.57356,178
909.59452,434
909.60979,228
909.70358,42
910.97015,452
911.00662,274
911.02207,303
911.02788,40
911.04324,258
911.06429,442
911.07952,459
911.10083,434
911.11584,175
911.15223,152
911.16772,266
911.18884,325
911.20418,202
911.21021,406
911.22864,216
911.24032,283
911.27653,472
911.29799,383
911.31329,240
911.31915,81
911.38605,117
911.39197,43
911.407,135
911.44327,406
911.46457,134
911.47984,171
911.4949,430
911.50075,186
911.5372,317
911.55225,122
911.57376,412
911.58909,43
911.64655,134
911.71936,311
912.94982,168
912.98627,150
913.00717,204
913.02218,367
913.04365,30
913.07404,396
913.07972,130
913.09511,67
913.11042,170
913.11648,83
913.13176,278
913.18923,302
913.20424,222
913.22558,81
913.24084,108
913.25612,205
913.2983,297
913.31386,53
913.36547,117
913.38628,217
913.42311,209
913.4591,77
913.48044,179
913.49551,225
913.5682,283
913.58937,196
913.64104,241
914.9653,140
915.01689,114
915.05324,80
915.14741,311
915.16242,341
915.19889,379
915.20462,132
915.24116,190
915.29292,192
915.31403,147
915.34432,390
915.38091,378
915.38653,304
915.4022,263
915.43856,72
915.45359,49
915.49596,255
915.51104,305
915.52635,37
915.54754,53
915.56847,284
915.58367,24
915.62029,60
915.65652,127
916.94488,174
916.99637,27
917.01747,117
917.03838,258
917.05394,121
917.14181,100
917.1476,244
917.16276,323
917.1992,311
917.21468,117
917.22049,135
917.23546,407
917.29313,146
917.35997,141
917.38141,52
917.40237,128
917.43894,178
917.46939,38
917.5114,154
917.54794,357
917.59951,180
917.62072,319
917.63602,313
919.01183,168
919.06371,171
919.06966,97
919.09975,27
919.10584,181
919.17875,85
919.19377,180
919.2091,64
919.21485,157
919.24532,189
919.26664,130
919.39717,199
919.43328,227
919.44848,264
919.4851,171
919.52148,41
919.65154,275
920.97608,242
921.00652,152
921.01261,38
921.02767,87
921.04298,14
921.07942,216
921.18836,236
921.23072,247
921.24947,246
921.26107,183
921.26701,202
921.35523,156
921.37622,94
921.41254,60
921.44311,189
921.44888,185
921.52156,244
921.63081,89
922.97048,241
923.02216,182
923.04349,279
923.05831,158
923.07945,244
923.09488,42
923.13758,76
923.22508,40
923.31336,89
923.33426,129
923.34955,243
923.3708,165
923.39168,190
923.40721,205
923.45878,59
923.46464,220
923.47985,177
923.51623,87
923.55232,49
923.6828,161
924.9861,170
925.00132,91
925.0225,187
925.05888,65
925.08008,173
925.14679,225
925.15272,183
925.16793,51
925.20459,101
925.22557,188
925.26211,208
925.34991,129
925.36515,48
925.37115,76
925.40207,117
925.43809,67
925.45922,211
925.47464,156
925.49555,168
925.51641,234
925.55301,135
925.56817,108
925.58922,222
925.62575,193
925.66223,180
927.02296,117
927.0382,21
927.07487,131
927.12621,99
927.14723,37
927.1835,63
927.19855,184
927.22016,67
927.27168,153
927.30796,23
927.31384,25
927.36583,121
927.38674,29
927.43835,130
927.47502,138
927.49604,24
927.51122,182
927.53216,252
927.56854,153
927.58408,116
927.60514,80
927.62031,105
927.6413,46
927.67794,158
929.03871,76
929.07475,63
929.09008,175
929.12639,113
929.14781,164
929.20264,129
929.21466,140
929.22015,55
929.25099,88
929.2934,123
929.30883,44
929.32955,125
929.36015,104
929.38118,106
929.3966,196
929.40247,162
929.4389,16
929.5058,164
929.51152,222
929.52707,181
929.59959,73
929.62085,26
929.65711,100
931.09055,104
931.12721,38
931.17884,56
931.19382,56
931.23027,47
931.23627,96
931.27033,130
931.2726,76
931.28798,126
931.30879,89
931.32422,14
931.37597,48
931.39667,186
931.41244,73
931.43321,179
931.4545,156
931.4851,22
931.49061,61
931.50594,148
931.52707,29
931.54229,9
931.56357,138
931.60002,27
931.61503,103
931.6726,20
932.93977,143
933.11555,64
933.15807,115
933.1886,108
933.22486,42
933.24587,168
933.28234,163
933.33982,13
933.3704,133
933.37646,57
933.39138,8
933.4277,97
933.44893,132
933.52189,154
933.59437,47
933.63096,154
935.02197,73
935.07981,105
935.11611,130
935.18884,30
935.20416,176
935.2099,149
935.2403,37
935.27697,25
935.29785,89
935.31322,84
935.31891,64
935.33433,83
935.34962,103
935.35551,117
935.37082,97
935.39168,136
935.40693,161
935.42234,68
935.42837,127
935.46477,80
935.48012,127
935.55233,159
935.57385,93
935.64658,65
937.00124,98
937.02251,53
937.0438,71
937.08016,21
937.1105,47
937.11666,151
937.15273,43
937.16787,170
937.18333,20
937.20451,35
937.22552,150
937.24057,108
937.2442,110
937.31369,119
937.33487,35
937.40155,42
937.43791,123
937.44382,29
937.45919,72
937.49554,104
937.62564,135
937.69861,99
938.96547,26
939.05357,151
939.05926,58
939.07455,41
939.13216,45
939.14733,48
939.16836,104
939.18393,122
939.2414,86
939.25641,71
939.27167,117
939.38697,50
939.40186,47
939.49579,94
939.5113,22
939.58403,74
939.67772,39
939.7139,16
940.9811,6
941.00216,13
941.01744,54
941.03859,119
941.05392,73
941.11143,141
941.22042,29
941.23559,33
941.25091,88
941.257,6
941.27211,108
941.28724,88
941.32974,31
941.34496,5
941.40221,36
941.4177,30
941.43282,140
941.45401,22
941.52665,108
941.58441,27
941.65734,26
941.72999,8
942.96029,83
942.99674,98
943.01175,74
943.01797,42
943.03301,46
943.04817,97
943.06934,57
943.08474,108
943.17836,16
943.19961,51
943.25165,64
943.27271,31
943.3029,51
943.32416,21
943.33918,98
943.36041,55
943.38171,100
943.49052,76
943.50606,100
943.52703,45
943.6728,67
944.97591,7
945.03371,114
945.04886,23
945.10636,98
945.17925,95
945.19455,91
945.20954,91
945.21527,60
945.25196,51
945.30329,95
945.3185,28
945.33991,17
945.35525,92
945.39128,25
945.3972,94
945.41237,54
945.42774,72
945.43364,83
945.44903,89
945.57935,73
945.6157,73
946.95524,58
947.00671,90
947.02221,37
947.07959,8
947.13137,74
947.16774,88
947.17354,50
947.18904,72
947.20413,79
947.20955,66
947.26514,33
947.28265,96
947.31316,38
947.34972,81
947.35562,36
947.38581,5
947.39191,85
947.46451,56
947.47976,49
947.51631,95
947.64644,9
948.98618,18
969.23411,7
979.25452,14
995.24999,9
