Wavelength,Absorbance
200,1.3643
201,1.3461
202,1.3296
203,1.3132
204,1.2958
205,1.2779
206,1.2622
207,1.2466
208,1.2307
209,1.2166
210,1.1984
211,1.1846
212,1.1702
213,1.1559
214,1.139
215,1.1252
216,1.1108
217,1.0963
218,1.0821
219,1.0687
220,1.0527
221,1.0418
222,1.028
223,1.0146
224,1.0034
225,0.9885
226,0.976
227,0.9655
228,0.9509
229,0.939
230,0.9273
231,0.9162
232,0.904
233,0.8913
234,0.8805
235,0.8692
236,0.8585
237,0.8479
238,0.8371
239,0.8247
240,0.8164
241,0.8054
242,0.7961
243,0.7852
244,0.7759
245,0.7656
246,0.7567
247,0.7466
248,0.7369
249,0.7298
250,0.7199
251,0.7111
252,0.7013
253,0.6933
254,0.6868
255,0.6793
256,0.6716
257,0.6655
258,0.6603
259,0.6537
260,0.6468
261,0.6426
262,0.6374
263,0.6336
264,0.6298
265,0.6263
266,0.6227
267,0.6208
268,0.618
269,0.6138
270,0.6155
271,0.6125
272,0.6091
273,0.6069
274,0.6032
275,0.6024
276,0.5989
277,0.5935
278,0.5895
279,0.5835
280,0.5764
281,0.5705
282,0.5637
283,0.5553
284,0.5471
285,0.5382
286,0.5287
287,0.519
288,0.508
289,0.498
290,0.4871
291,0.4785
292,0.4657
293,0.4581
294,0.4483
295,0.4372
296,0.4259
297,0.4187
298,0.4102
299,0.4012
300,0.3937
301,0.3878
302,0.38
303,0.372
304,0.365
305,0.3599
306,0.3542
307,0.3492
308,0.3431
309,0.3389
310,0.3351
311,0.3295
312,0.3242
313,0.3197
314,0.3152
315,0.3123
316,0.3067
317,0.3032
318,0.2992
319,0.2949
320,0.2904
321,0.288
322,0.284
323,0.2808
324,0.2764
325,0.2742
326,0.2691
327,0.2677
328,0.2615
329,0.2599
330,0.2566
331,0.2523
332,0.25
333,0.2475
334,0.2416
335,0.2407
336,0.2352
337,0.2334
338,0.2325
339,0.2277
340,0.2243
341,0.2222
342,0.2212
343,0.2153
344,0.2131
345,0.2124
346,0.21
347,0.2058
348,0.2023
349,0.2023
350,0.1994
351,0.1961
352,0.1924
353,0.1906
354,0.188
355,0.186
356,0.1845
357,0.1817
358,0.1779
359,0.1775
360,0.1744
361,0.1725
362,0.1709
363,0.1667
364,0.1654
365,0.1629
366,0.16
367,0.1595
368,0.1592
369,0.1537
370,0.1531
371,0.1517
372,0.1494
373,0.1473
374,0.1444
375,0.1438
376,0.1412
377,0.1382
378,0.1391
379,0.1372
380,0.1347
381,0.1331
382,0.1321
383,0.1297
384,0.1286
385,0.126
386,0.1257
387,0.1233
388,0.1217
389,0.1189
390,0.1186
391,0.1162
392,0.1149
393,0.1133
394,0.1116
395,0.1127
396,0.1107
397,0.1098
398,0.1059
399,0.1055
400,0.1031
401,0.1022
402,0.1007
403,0.1012
404,0.0986
405,0.0985
406,0.0969
407,0.097
408,0.0928
409,0.0937
410,0.0925
411,0.0896
412,0.09
413,0.0884
414,0.0868
415,0.0852
416,0.0842
417,0.0853
418,0.0826
419,0.0822
420,0.0799
421,0.0788
422,0.0793
423,0.0764
424,0.0761
425,0.0755
426,0.0746
427,0.0734
428,0.0729
429,0.0723
430,0.0714
431,0.0691
432,0.0688
433,0.0691
434,0.0679
435,0.0653
436,0.0658
437,0.0631
438,0.0639
439,0.0646
440,0.0615
441,0.0608
442,0.0613
443,0.0586
444,0.0586
445,0.0588
446,0.0571
447,0.0567
448,0.0567
449,0.0558
450,0.0549
451,0.0538
452,0.0536
453,0.0526
454,0.0523
455,0.0509
456,0.0505
457,0.0492
458,0.0493
459,0.0481
460,0.0472
461,0.0477
462,0.0471
463,0.0469
464,0.0454
465,0.0454
466,0.045
467,0.0443
468,0.0428
469,0.043
470,0.0426
471,0.0418
472,0.0396
473,0.0408
474,0.042
475,0.0394
476,0.0386
477,0.039
478,0.0384
479,0.0386
480,0.0362
481,0.0373
482,0.0367
483,0.0357
484,0.0356
485,0.0357
486,0.0351
487,0.0331
488,0.0342
489,0.0331
490,0.0328
491,0.0324
492,0.0318
493,0.0324
494,0.031
495,0.0298
496,0.03
497,0.03
498,0.0305
499,0.0296
500,0.0281
501,0.0304
502,0.0282
503,0.0287
504,0.0272
505,0.0274
506,0.0273
507,0.0273
508,0.0268
509,0.0263
510,0.025
511,0.0245
512,0.0249
513,0.0251
514,0.0238
515,0.0246
516,0.0246
517,0.0224
518,0.0222
519,0.0224
520,0.0225
521,0.0215
522,0.0228
523,0.0217
524,0.0212
525,0.0197
526,0.0195
527,0.0205
528,0.0184
529,0.0206
530,0.0194
531,0.0219
532,0.0209
533,0.0187
534,0.0185
535,0.0191
536,0.0195
537,0.0166
538,0.0162
539,0.0169
540,0.0177
541,0.0174
542,0.0176
543,0.0156
544,0.0145
545,0.0168
546,0.0153
547,0.0141
548,0.0156
549,0.0159
550,0.015
551,0.0146
552,0.0146
553,0.0143
554,0.0133
555,0.0136
556,0.0144
557,0.0141
558,0.0138
559,0.0127
560,0.0131
561,0.0114
562,0.0131
563,0.0139
564,0.0114
565,0.012
566,0.0126
567,0.0132
568,0.0116
569,0.0113
570,0.0101
571,0.0116
572,0.013
573,0.0115
574,0.0111
575,0.0112
576,0.0108
577,0.01
578,0.0112
579,0.0106
580,0.0103
581,0.0094
582,0.0111
583,0.0104
584,0.0093
585,0.0104
586,0.0091
587,0.0088
588,0.0087
589,0.0077
590,0.0094
591,0.0075
592,0.0078
593,0.007
594,0.0085
595,0.0084
596,0.0081
597,0.0074
598,0.0072
599,0.0084
600,0.0075
601,0.0081
602,0.007
603,0.0078
604,0.0086
605,0.0079
606,0.007
607,0.0075
608,0.007
609,0.0071
610,0.0067
611,0.0068
612,0.007
613,0.0059
614,0.0058
615,0.0054
616,0.0052
617,0.0054
618,0.0064
619,0.0055
620,0.0066
621,0.0061
622,0.0044
623,0.0064
624,0.0065
625,0.005
626,0.006
627,0.0049
628,0.0056
629,0.0045
630,0.004
631,0.005
632,0.0052
633,0.0049
634,0.0042
635,0.0047
636,0.0052
637,0.0049
638,0.005
639,0.0043
640,0.0057
641,0.0037
642,0.005
643,0.0055
644,0.0049
645,0.0043
646,0.004
647,0.0052
648,0.0031
649,0.0035
650,0.0039
651,0.0051
652,0.0044
653,0.0032
654,0.0037
655,0.0034
656,0.0033
657,0.0046
658,0.0027
659,0.005
660,0.0043
661,0.0045
662,0.0032
663,0.0034
664,0.0023
665,0.003
666,0.0038
667,0.0044
668,0.0024
669,0.003
670,0.0031
671,0.0021
672,0.0036
673,0.0025
674,0.0029
675,0.0027
676,0.0024
677,0.0029
678,0.0027
679,0.0026
680,0.0023
681,0.0031
682,0.0041
683,0.0028
684,0.0035
685,0.0016
686,0.0028
687,0.0017
688,0.0014
689,0.0019
690,0.0035
691,0.0032
692,0.0026
693,0.0012
694,0.0022
695,0.0026
696,0.0025
697,0.0008
698,0.0015
699,0.0022
700,0.0026
