Sample_ID,FI,HIX,C1_Fulvic,C2_Humic_Lignin,C3_Protein
Lignin_Impact_01,2.12,34.18,7.79,7.74,0.54
Lignin_Impact_02,2.11,36.37,7.28,6.92,0.27
Lignin_Impact_03,2.15,26.84,9.0,7.98,0.57
Lignin_Impact_04,2.13,44.61,5.84,8.06,0.62
Lignin_Impact_05,2.11,23.98,9.38,8.78,0.31
Lignin_Impact_06,2.1,41.63,5.55,7.77,0.44
Baikal_Control_01,2.26,1.58,2.35,0.3,4.67
Baikal_Control_02,2.29,1.58,2.71,0.32,3.5
Baikal_Control_03,2.3,1.65,2.05,0.61,3.39
Baikal_Control_04,2.33,1.76,2.2,1.07,4.53
Baikal_Control_05,2.32,1.65,2.14,0.98,2.71
Baikal_Control_06,2.34,1.66,2.97,0.79,2.77
