Sample_ID,Class_Target,VK_1,VK_2,VK_3,VK_4,VK_5,VK_6,VK_7,VK_8,VK_9,VK_10,VK_11,VK_12,VK_13,VK_14,VK_15,VK_16,VK_17,VK_18,VK_19,VK_20,AI,DBE,FI,HIX,C1_Fulvic,C2_Humic_Lignin,C3_Protein,A254,A280,A365,E2_E3,E4_E6,S_275_295,S_350_400,S_R,d2A_280,Mw_est,DOC,SUVA254
Lignin_Impact_01,1,1.81,2.98,0.93,3.35,16.37,10.75,18.81,3.8,11.19,1.21,1.72,3.96,2.97,3.7,1.47,3.55,0.89,3.98,0.87,2.03,0.551,20.96,2.12,34.18,7.79,7.74,0.54,0.5069,0.4403,0.1103,4.81,10.62,0.018,0.0136,1.32,-5.3288,1574.0,7.2,7.04
Lignin_Impact_02,1,3.52,1.5,2.81,1.24,14.45,17.63,13.69,0.88,10.21,3.65,0.93,3.57,0.83,1.35,3.05,1.11,3.59,1.29,1.79,3.53,0.475,19.12,2.11,36.37,7.28,6.92,0.27,0.6868,0.5764,0.1629,4.42,15.13,0.0164,0.0129,1.27,-5.4335,1726.0,7.2,9.54
Lignin_Impact_03,1,1.63,2.18,2.15,2.16,13.3,16.5,13.09,0.98,15.38,1.47,0.64,0.66,2.21,3.89,0.77,1.66,0.64,2.71,2.52,1.49,0.542,15.2,2.15,26.84,9.0,7.98,0.57,0.5669,0.4793,0.1188,5.01,15.4,0.0181,0.014,1.29,-5.3698,1496.0,7.2,7.87
Lignin_Impact_04,1,0.94,0.7,1.68,2.27,12.61,12.83,15.16,1.34,12.5,3.66,3.05,2.27,2.96,2.04,3.69,1.12,1.1,0.71,1.13,1.27,0.558,18.56,2.13,44.61,5.84,8.06,0.62,0.7046,0.5929,0.1709,4.31,9.49,0.0159,0.0127,1.26,-5.338,1767.0,7.2,9.79
Lignin_Impact_05,1,1.22,3.48,0.77,1.49,18.45,18.72,13.33,3.32,11.4,3.62,3.27,2.8,3.43,2.47,1.66,2.83,2.82,2.53,3.26,0.69,0.522,19.04,2.11,23.98,9.38,8.78,0.31,0.5408,0.4654,0.1192,4.75,,0.0178,0.0136,1.31,-5.5633,1596.0,7.2,7.51
Lignin_Impact_06,1,1.27,0.81,2.14,1.39,16.95,14.41,18.65,3.85,17.93,2.7,2.6,1.26,3.01,3.7,1.6,3.45,1.94,3.84,1.89,3.2,0.55,19.98,2.1,41.63,5.55,7.77,0.44,0.4161,0.3719,0.0817,5.34,32.83,0.0197,0.0143,1.37,-5.416,1367.0,7.2,5.78
Baikal_Control_01,0,1.84,1.05,0.85,0.83,3.19,1.83,1.83,1.21,1.25,1.83,1.24,2.72,20.51,18.78,14.97,1.63,2.66,2.66,3.13,3.78,0.096,7.95,2.26,1.58,2.35,0.3,4.67,0.0714,0.0455,0.0076,10.04,,0.0244,0.0203,1.2,-0.4696,400.0,1.8,3.97
Baikal_Control_02,0,3.02,0.92,1.35,1.31,1.24,2.97,1.18,3.51,2.47,2.32,1.86,1.32,13.6,13.97,21.36,2.67,2.2,0.59,3.81,3.12,0.09,8.56,2.29,1.58,2.71,0.32,3.5,0.0853,0.0581,0.0117,7.81,3.6,0.0214,0.0167,1.28,-0.4297,403.0,1.8,4.74
Baikal_Control_03,0,2.71,1.11,2.21,2.99,1.02,1.37,2.22,2.94,2.47,1.24,3.38,2.32,13.12,14.26,21.68,2.94,1.66,1.35,2.13,1.06,0.097,9.98,2.3,1.65,2.05,0.61,3.39,0.0801,0.0537,0.0097,8.97,3.2,0.0243,0.0171,1.42,-0.5575,400.0,1.8,4.45
Baikal_Control_04,0,3.49,0.72,2.57,2.58,1.84,3.25,2.25,1.0,2.7,2.6,3.98,1.27,18.06,17.72,15.24,3.18,1.8,2.81,1.88,3.28,0.22,9.94,2.33,1.76,2.2,1.07,4.53,0.0639,0.044,0.0089,7.53,3.2,0.0248,0.0165,1.5,-0.6157,514.0,1.8,3.55
Baikal_Control_05,0,3.24,0.7,3.62,3.42,0.99,2.66,3.53,2.7,3.59,2.99,2.04,3.85,21.23,12.66,13.61,2.53,2.67,3.65,1.04,1.82,0.216,10.8,2.32,1.65,2.14,0.98,2.71,0.1583,0.0963,0.0164,10.44,,0.0226,0.0196,1.16,-0.2189,400.0,1.8,8.79
Baikal_Control_06,0,3.68,0.61,1.27,2.12,3.56,2.06,1.06,2.65,3.63,0.74,2.23,3.93,12.76,16.03,14.19,0.91,3.03,0.72,3.7,3.83,0.153,9.6,2.34,1.66,2.97,0.79,2.77,0.1573,0.094,0.017,10.03,,0.0238,0.0211,1.13,-0.3871,400.0,1.8,8.74
