Sample_ID,A254,A280,A365,E2_E3,E4_E6,S_275_295,S_350_400,S_R,d2A_280,Mw_est,DOC,SUVA254
Lignin_Impact_01,0.5069,0.4403,0.1103,4.81,10.62,0.018,0.0136,1.32,-5.3288,1574.0,7.2,7.04
Lignin_Impact_02,0.6868,0.5764,0.1629,4.42,15.13,0.0164,0.0129,1.27,-5.4335,1726.0,7.2,9.54
Lignin_Impact_03,0.5669,0.4793,0.1188,5.01,15.4,0.0181,0.014,1.29,-5.3698,1496.0,7.2,7.87
Lignin_Impact_04,0.7046,0.5929,0.1709,4.31,9.49,0.0159,0.0127,1.26,-5.338,1767.0,7.2,9.79
Lignin_Impact_05,0.5408,0.4654,0.1192,4.75,,0.0178,0.0136,1.31,-5.5633,1596.0,7.2,7.51
Lignin_Impact_06,0.4161,0.3719,0.0817,5.34,32.83,0.0197,0.0143,1.37,-5.416,1367.0,7.2,5.78
Baikal_Control_01,0.0714,0.0455,0.0076,10.04,,0.0244,0.0203,1.2,-0.4696,400.0,1.8,3.97
Baikal_Control_02,0.0853,0.0581,0.0117,7.81,3.6,0.0214,0.0167,1.28,-0.4297,403.0,1.8,4.74
Baikal_Control_03,0.0801,0.0537,0.0097,8.97,3.2,0.0243,0.0171,1.42,-0.5575,400.0,1.8,4.45
Baikal_Control_04,0.0639,0.044,0.0089,7.53,3.2,0.0248,0.0165,1.5,-0.6157,514.0,1.8,3.55
Baikal_Control_05,0.1583,0.0963,0.0164,10.44,,0.0226,0.0196,1.16,-0.2189,400.0,1.8,8.79
Baikal_Control_06,0.1573,0.094,0.017,10.03,,0.0238,0.0211,1.13,-0.3871,400.0,1.8,8.74
